Paket,Sequenz,Delta (ms),Jitter (ms),Versatz,Bandbreite
177,0,0,0,0,1.76
178,1,3.4318920000005164,1.0355067499999677,16.568107999999484,3.52
183,2,29.228703000000678,1.5475815156250121,7.339404999998806,5.28
185,3,10.525200999996741,2.0430326083986525,16.814204000002064,7.04
186,4,31.042271000002074,2.6054850078738663,5.77193299999999,8.8
188,5,9.070511999998416,3.1257351948818486,16.701421000001574,10.56
190,6,22.09496200000285,3.0613118702019113,14.606458999998722,12.32
192,7,16.96203699999751,3.0598525658144475,17.644422000001214,14.08
194,8,22.9019100000005,3.049981155451076,14.742512000000715,15.84
196,9,23.74454500000138,3.0933913957354697,10.997966999999335,17.6
198,10,22.556563999998616,3.0598396835019166,8.441403000000719,19.36
200,11,11.978376999999455,3.3699511407830807,16.463026000001264,21.12
203,12,41.66053500000271,4.513112631984308,-5.197509000001446,22.88
204,13,3.183934999997291,5.282047154985458,11.618556000001263,24.64
206,14,28.560881000001245,5.486974270298944,3.0576750000000175,26.4
208,15,9.676057000000583,5.789284815905224,13.381617999999435,28.16
211,16,32.5715139999993,6.213174139911104,0.8101040000001376,29.92
213,17,9.297600999998394,6.49375069366676,11.512503000001743,31.68
217,18,32.057293000001664,6.841472087812692,-0.5447899999999208,33.44
218,19,7.429810999998153,7.199516894824514,12.025399000001926,35.2
220,20,26.849412999999913,7.177635401397977,5.175986000002013,36.96
223,21,18.497847000002366,6.822917751310455,6.678138999999646,38.72
224,22,25.353048000000854,6.731050891853605,1.3250909999987925,40.48
226,23,10.480561999997008,6.905325086112942,10.844529000001785,42.24
229,24,29.790469999999914,7.085646643230878,1.054059000001871,44
231,25,7.543214000001171,7.421342853028875,13.5108450000007,45.76
235,26,37.5957899999994,8.057245799714533,-4.084944999998697,47.52
237,27,7.285691000000952,8.348312249732315,8.62936400000035,49.28
238,28,21.560891000000993,7.924098421624107,7.068472999999358,51.04
241,29,20.075956000000588,7.433589520272637,6.99251699999877,52.8
242,30,26.1951029999982,7.356184112755485,0.7974140000005718,54.56
244,31,7.790759999999864,7.659500105708275,13.006654000000708,56.32
246,32,26.600094000001263,7.593287224101587,6.406559999999445,58.08
248,33,13.327696000000287,7.53572577259522,13.078863999999157,59.84
251,34,33.91474599999856,7.934414536807929,-0.8358819999994012,61.6
253,35,10.42800200000056,8.036763503257397,8.736116000000038,63.36
254,36,26.127231999998912,7.917417784303742,2.608884000001126,65.12
257,37,13.847280000001774,7.807124172784648,8.761603999999352,66.88
259,38,31.41848899999968,8.032834474485586,-2.6568850000003295,68.64
260,39,4.159712000000582,8.520800319830201,13.183402999999089,70.4
263,40,34.833660000000236,8.915354049840829,-1.6502570000011474,72.16
265,41,12.998886999997922,8.795713984225907,5.350856000000931,73.92
268,42,23.41954600000099,8.45970348521185,1.9313099999999395,75.68
270,43,16.424471999998786,8.154442517386187,5.506838000001153,77.44
273,44,22.394623000000138,7.794453797549559,3.112215000001015,79.2
275,45,14.368452999999135,7.659272122702765,8.74376200000188,80.96
277,46,24.018707000002905,7.431736802534024,4.725054999998974,82.72
279,47,19.069738999998663,7.025394564875731,5.655316000000312,84.48
281,48,22.183521999999357,6.722777529570958,3.471794000000955,86.24
282,49,9.606573000000935,6.952193121472715,13.86522100000002,88
285,50,16.26281999999992,6.751254801380675,17.6024010000001,89.76
288,51,28.03154899999936,6.831273188794343,9.570852000000741,88
291,52,22.792035999998916,6.578820864494629,6.778816000001825,88
292,53,14.944468000001507,6.4836153104636205,11.834348000000318,88
295,54,23.385145000000193,6.289960916059656,8.449203000000125,89.76
296,55,17.08705099999861,6.078897671306015,11.362152000001515,88
301,56,22.989245000000665,5.885794379349431,8.37290700000085,88
303,57,20.044369999999617,5.520705355640067,8.328537000001234,88
304,58,16.94808600000033,5.366405895912543,11.380451000000903,88
306,59,19.77850799999942,5.044848777418045,11.601943000001484,89.76
309,60,26.25521000000299,5.120496353829604,5.346732999998494,88
311,61,17.551916999997047,4.953470519215438,7.794816000001447,88
312,62,13.966945000000123,5.020944549264465,13.827871000001323,89.76
314,63,18.920744999999442,4.7745889524354705,14.907126000001881,91.52
316,64,22.443733000000066,4.628910455408258,12.463393000001815,89.76
318,65,21.24870700000247,4.417647739445396,11.214685999999347,88
320,66,14.26778700000068,4.499808068230016,16.946898999998666,89.76
323,67,24.41334899999856,4.494404376465551,12.533550000000105,89.76
325,68,20.44277399999919,4.241177477936403,12.090776000000915,89.76
329,69,24.411605000001146,4.251829198065449,7.679170999999769,88
330,70,14.54224400000021,4.327199623186345,13.13692699999956,89.76
332,71,21.64578899999833,4.1596114592370945,11.491138000001229,89.76
334,72,15.905523000001267,4.155540555534697,15.585614999999962,89.76
336,73,18.592021000000386,3.983817958313754,16.993593999999575,89.76
338,74,19.28162599999996,3.779727710919147,17.711967999999615,89.76
342,75,28.020079999998416,4.044749728986601,9.6918880000012,88
343,76,16.46458999999959,4.012915995924964,13.22729800000161,89.76
346,77,16.99804100000256,3.949731183679494,16.229256999999052,91.52
348,78,25.046825999997964,4.018299609699398,11.182431000001088,89.76
351,79,20.88782600000195,3.822645009093308,10.294604999999137,89.76
353,80,20.105306999997993,3.590311383524851,10.189298000001145,89.76
354,81,15.264869000002363,3.6618626095544,14.924428999998781,89.76
356,82,23.060631000000285,3.624285633957268,11.863797999998496,89.76
359,83,22.177804999999353,3.533880594334898,9.685992999999144,88
360,84,13.0384759999979,3.7481083071890984,16.647517000001244,89.76
362,85,23.436594999999215,3.7286387254897306,13.210922000002029,89.76
364,86,20.234434000001784,3.510250930146734,12.976488000000245,89.76
366,87,21.457422999999835,3.381949184512553,11.51906500000041,89.76
369,88,22.478334999999788,3.3254732979805053,9.040730000000622,89.76
371,89,18.943083000001934,3.1836885293566026,10.097646999998688,88
373,90,24.090618999998696,3.2403716837717336,6.007027999999991,89.76
374,91,12.339280000000144,3.516643453535991,13.667747999999847,89.76
377,92,19.80771900000036,3.308870800189969,13.860028999999486,89.76
380,93,23.122418999999354,3.2972175626780555,10.737610000000132,89.76
383,94,22.322618999998667,3.2363051525105937,8.414991000001464,89.76
384,95,11.412612000000081,3.5707478304786764,17.002379000001383,89.76
387,96,29.112347000002046,3.917097778573887,7.890031999999337,89.76
388,97,13.675714999997581,4.06754697991317,14.214317000001756,89.76
390,98,21.6448870000022,3.916130731168735,12.569429999999556,89.76
392,99,21.08745899999849,3.7393387479705944,11.481971000001067,88
395,100,18.639750000002095,3.5906457012223014,12.842220999998972,88
397,101,14.345681999999215,3.7196252198959567,18.496538999999757,89.76
400,102,26.673822000000655,3.9042625186525,11.822716999999102,89.76
403,103,24.183899999999994,3.9217398612367185,7.638816999999108,88
405,104,17.859521999998833,3.8104109949094966,9.779295000000275,89.76
406,105,17.863001000001532,3.7058227452275574,11.916293999998743,89.76
408,106,18.37053399999786,3.5760504486509688,13.545760000000882,89.76
410,107,16.987983999999415,3.54079829561032,16.557776000001468,89.76
413,108,31.496451999999408,4.038026652134638,5.06132400000206,88
414,109,14.08281800000259,4.155473861376061,10.97850599999947,88
416,110,19.871063999999024,3.9038152450401182,11.107442000000447,89.76
418,111,19.974934000001667,3.6613934172250064,11.13250799999878,89.76
420,112,17.38295399999697,3.596121703648633,13.749554000001808,88
422,113,21.31466300000102,3.453530534670657,12.434891000000789,88
424,114,19.06478100000095,3.2961360637536816,13.37010999999984,89.76
426,115,20.69348600000012,3.1334704347690843,12.67662399999972,89.76
429,116,23.292642000000342,3.1434186575960377,9.383981999999378,88
431,117,15.219848000000638,3.2457144914962455,14.16413399999874,89.76
433,118,21.035170999999536,3.1075555232777012,13.128962999999203,89.76
437,119,28.30045599999721,3.4321118030726705,4.828507000001991,88
438,120,13.599770000000717,3.6176191903805837,11.228737000001274,88
440,121,14.30221900000106,3.747629303481731,16.926518000000215,89.76
442,122,19.643235999999888,3.53570022201413,17.283282000000327,89.76
444,123,26.506279000001086,3.721361395638315,10.77700299999924,88
447,124,20.0011459999987,3.488847933410839,10.775857000000542,88
449,125,14.353037000000768,3.6237301250726137,16.422819999999774,89.76
452,126,26.961832000000868,3.8323614922556297,9.460987999998906,88
454,127,13.48664799999824,3.999923398989763,15.974340000000666,88
456,128,24.89422299999933,4.055817124052861,11.080117000001337,88
458,129,18.05614300000161,3.9238196162994563,13.023973999999725,89.76
460,130,19.019154999998136,3.739883702780857,14.00481900000159,89.76
463,131,26.452515000000858,3.909423158857107,7.552304000000731,88
464,132,16.171226000002207,3.9043825864283996,11.381077999998524,88
467,133,25.006279999997787,3.9732511747764865,6.374798000000737,88
469,134,20.00079800000094,3.724972851353015,6.373999999999796,88
470,135,12.99297099999967,3.930101360643472,13.381029000000126,89.76
473,136,25.95567999999912,4.056700025603201,7.425349000001006,88
474,137,14.444640000001527,4.150366274002906,12.980708999999479,89.76
476,138,15.507215999998152,4.17176738187784,17.473493000001326,89.76
478,139,23.068733000000066,4.1028277330104785,14.40476000000126,89.76
481,140,28.231454000000667,4.360866874697365,6.1733060000005935,89.76
482,141,13.442759000001388,4.498140257528693,12.730546999999206,88
485,142,21.593855999999505,4.316622491433119,11.1366909999997,88
487,143,19.574749999999767,4.073411710718563,11.561940999999933,89.76
499,144,22.103543999997783,3.9502949787985147,9.458397000002151,89.76
510,145,17.96597400000246,3.8305281676234535,11.49242299999969,88
512,146,15.725463999999192,3.858278657147038,15.766959000000497,89.76
516,147,29.15463699999964,4.189301053575326,6.612322000000859,88
519,148,16.724323999998887,4.132199487726938,9.887998000001971,88
521,149,19.385485000002518,3.912344207243847,10.502512999999453,88
524,150,18.968628999999055,3.7322833817911656,11.533884000000398,88
526,151,16.260223000001133,3.732751732929147,15.273660999999265,88
537,152,22.66675199999736,3.6661267496209105,12.606909000001906,89.76
540,153,17.842469000002893,3.571839515269423,14.764439999999013,89.76
544,154,23.761465999999928,3.5836911705650794,11.002973999999085,89.76
546,155,22.962789999997767,3.544884847404622,8.040184000001318,88
548,156,17.05411500000264,3.507447356941668,10.986068999998679,88
550,157,16.80784799999674,3.487741397133018,14.17822100000194,88
555,158,17.62745200000063,3.4180418098121645,16.55076900000131,89.76
558,159,27.127873000001273,3.6499062591989837,9.422896000000037,88
563,160,20.76644899999883,3.469690180498974,8.656447000001208,88
565,161,19.780907000000298,3.2665278567177696,8.87554000000091,88
567,162,16.94591500000024,3.2532501781728937,11.92962500000067,88
569,163,19.796186999999918,3.062660354537093,12.133438000000751,88
579,164,26.242409999998927,3.2613947073784577,5.891028000001825,88
581,165,17.649215000001277,3.2044816006672243,8.241813000000548,88
585,166,19.009334999998828,3.066118063125596,9.23247800000172,88
588,167,19.95248900000297,2.877455121680061,9.27998899999875,88
598,168,17.697066999997332,2.841547489075224,11.582922000001417,88
600,169,17.858464000000822,2.797796771007971,13.724458000000595,89.76
606,170,25.47483800000191,2.965111847820092,8.249619999998686,88
607,171,14.662596999998641,3.1133800448314215,13.587023000000045,88
616,172,21.475587000000814,3.0110179795295084,12.11143599999923,88
619,173,24.544918999999936,3.1068867933089104,7.566516999999294,88
628,174,14.005238999998255,3.2873789312272126,13.561278000001039,89.76
631,175,19.968903000000864,3.083861310525458,13.592375000000175,88
640,176,28.39432300000044,3.4157651661176445,5.198051999999734,88
642,177,12.51709000000119,3.6699617182352173,12.680961999998544,88
649,178,18.184857999996893,3.5540354858457106,14.496104000001651,89.76
652,179,27.672123000000283,3.8114159554803715,6.823981000001368,88
656,180,14.484545999999682,3.917918333262868,12.339435000001686,88
658,181,21.280778000000282,3.7530970624339566,11.058657000001404,89.76
669,182,23.814512000000832,3.756935496031886,7.244145000000572,88
670,183,15.916736999999557,3.777330965029921,11.327408000001014,89.76
677,184,21.791979000001447,3.6532464672156415,9.535428999999567,89.76
678,185,14.15584200000012,3.7901784380146566,15.379586999999447,89.76
683,186,22.662638999998308,3.7197072231386348,12.716948000001139,89.76
686,187,22.526049000000057,3.6451035841924737,10.190899000001082,88
696,188,20.6829089999992,3.459966422680394,9.507990000001882,88
697,189,11.416234000000259,3.780203896262853,18.091756000001624,89.76
703,190,25.51274800000101,3.888487902746488,12.579008000000613,89.76
706,191,25.462523000001966,3.986865096324955,7.116484999998647,88
712,192,15.718574999998964,4.0052750903047105,11.397909999999683,89.76
714,193,18.519631999999547,3.8474683971606947,12.878278000000137,89.76
722,194,16.024380999999266,3.855477809838197,16.85389700000087,89.76
725,195,23.50937999999951,3.833846696723279,13.34451700000136,89.76
733,196,23.733295000001817,3.8275622156781877,9.611221999999543,88
735,197,21.7704819999999,3.698994702198295,7.840739999999641,89.76
749,198,14.603871999999683,3.8050655333109216,13.236867999999959,89.76
752,199,24.68951399999787,3.860343562478856,8.547354000002088,88
766,200,21.358219000001554,3.7039607773240246,7.189135000000533,88
768,201,18.724614999999176,3.5521747912413244,8.464520000001357,88
776,202,15.246907000000647,3.627232179288701,13.21761300000071,89.76
779,203,24.978422000000137,3.7116815430831656,8.239191000000574,88
780,204,12.751401000001351,3.932738884140383,15.487789999999222,89.76
785,205,23.56716199999937,3.90989032888157,11.920627999999851,89.76
796,206,17.274203000000853,3.835884495826418,14.646424999998999,89.76
798,207,22.95680199999697,3.7809418398370775,11.68962300000203,88
816,208,17.737386000000697,3.6860463498472167,13.952237000001332,88
818,209,22.769467000001896,3.628760140481884,11.182769999999437,89.76
828,210,18.57017899999846,3.4913264442018623,12.612591000000975,89.76
830,211,20.52746400000251,3.306085041439403,12.085126999998465,89.76
836,212,23.463793999999325,3.315941851349398,8.62133299999914,88
837,213,16.055347999998048,3.3552362356401826,12.565985000001092,89.76
848,214,25.645587999999407,3.498383220912634,6.920397000001685,89.76
849,215,11.539458000002924,3.8085181446054115,15.380938999998762,89.76
856,216,21.26901199999702,3.6497990105673868,14.111927000001742,89.76
860,217,23.84951700000238,3.662281384907074,10.262409999999363,89.76
874,218,16.469875999999203,3.6540215483504315,13.79253400000016,89.76
876,219,21.00547799999913,3.4884875765784753,12.78705600000103,88
880,220,23.675341000001936,3.5001659155424414,9.111714999999094,89.76
882,221,19.20111899999756,3.3313356083211914,9.910596000001533,88
899,222,16.939555000000837,3.3144049453010647,12.971041000000696,89.76
901,223,20.02046899999914,3.1085339487196944,12.950572000001557,89.76
911,224,23.181131000001187,3.1130712644247875,9.76944100000037,88
915,225,18.21120399999927,3.030304060398284,11.5582370000011,88
923,226,22.825827000000572,3.0175242441234267,8.732410000000527,89.76
926,227,20.794314999999187,2.8785736663656616,7.93809500000134,88
927,228,16.22058200000174,2.934876437217699,11.717512999999599,88
934,229,22.020448999999644,2.8777247223915707,9.697063999999955,89.76
943,230,18.424987999998848,2.7963051772421696,11.272076000001107,88
953,231,25.51205200000186,2.9660393536646503,5.760023999999248,88
962,232,16.866039000000455,2.9765344565605814,8.893984999998793,89.76
963,233,17.38573600000018,2.953892553025534,11.508248999998614,89.76
971,234,23.21117499999673,2.9699727059612337,8.297074000001885,88
973,235,17.905252000000473,2.915271161838627,10.391822000001412,88
979,236,25.70816299999933,3.0898269017236712,4.683659000002081,88
980,237,11.017523000002257,3.458117532865801,13.666135999999824,89.76
989,238,25.202187999999296,3.5671219370616445,8.463948000000528,88
997,239,15.023685000000114,3.6551965034952847,13.440263000000414,88
1000,240,23.37758699999904,3.6378459095267695,10.062676000001375,88
1001,241,17.970816000000923,3.537304540181289,12.091860000000452,89.76
1016,242,18.781952000001183,3.3923510064198843,13.309907999999268,89.76
1018,243,21.637920999997732,3.2826991310184996,11.671987000001536,88
1027,244,24.365999000001466,3.3504053728299352,7.30598800000007,88
1029,245,18.455375000001368,3.237544099527979,8.850612999998702,88
1039,246,15.249973999998474,3.3320742183075756,13.600639000000228,89.76
1041,247,20.37420199999906,3.1472072046632933,13.22643700000117,89.76
1050,248,20.698121000001265,2.9941393168719164,12.528315999999904,88
1052,249,19.3833999999988,2.8455431095674966,13.144916000001103,89.76
1062,250,20.92150000000038,2.725290415219552,12.223416000000725,89.76
1065,251,23.48996099999931,2.7730823267682867,8.733455000001413,89.76
1078,252,21.27873300000283,2.6796854938454455,7.454721999998583,88
1079,253,16.024351000000024,2.7606832129801036,11.430370999998559,89.76
1087,254,20.501813999999285,2.6195038871688023,10.928556999999273,88
1089,255,19.13799999999901,2.509659894220814,11.790557000000263,88
1099,256,27.471527000001515,2.8197765883321075,4.319029999998747,88
1101,257,14.678103999998712,2.9761590515614316,9.640926000000036,88
1110,258,14.710158999998384,3.120764173338943,14.930767000001651,89.76
1113,259,29.973149000001285,3.5490382250053396,4.957618000000366,88
1119,260,10.833999999998923,3.900098335942573,14.123618000001443,89.76
1122,261,17.46795900000143,3.814594752446073,16.655659000000014,89.76
1137,262,29.43789900000047,4.166051267918223,7.217759999999544,88
1139,263,12.863537999997789,4.3517019386734725,14.354222000001755,89.76
1145,264,21.152169000000868,4.151731130006435,13.202053000000888,89.76
1148,265,24.207707000001392,4.155229621881119,8.994345999999496,88
1158,266,20.25630699999965,3.9115469580135276,8.738038999999844,88
1159,267,6.142330999999103,4.533179585637738,22.59570800000074,89.76
1169,268,26.340546999999788,4.646140049035366,16.255161000000953,89.76
1171,269,21.35154500000135,4.44022785847074,14.903615999999602,89.76
1181,270,23.587169999998878,4.386911742316249,11.316446000000724,89.76
1184,271,14.586612999999488,4.451066445921516,16.729833000001236,89.76
1197,272,28.438137000001007,4.700258355551484,8.291696000000229,88
1199,273,11.482166999998299,4.938856770829623,16.80952900000193,89.76
1209,274,24.688214000001608,4.923191597652872,12.121315000000322,89.76
1212,275,14.54759600000034,4.956267372799546,17.573718999999983,89.76
1222,276,39.136578999998164,5.84253684949946,-1.5628599999981816,88
1225,277,9.130716000003304,6.156708546405538,9.306423999998515,89.76
1233,278,17.90708999999697,5.902721137255381,11.399334000001545,88
1234,279,6.067613000002893,6.404575253676739,25.33172099999865,89.76
1243,280,31.526746999999887,6.724710987821935,13.804973999998765,89.76
1244,281,9.911959999997634,6.934919051083212,23.89301400000113,89.76
1264,282,41.53645099999994,7.847514797890508,2.356563000001188,88
1267,283,16.68492999999944,7.564236998022386,5.671633000001748,88
1277,284,13.019238000000769,7.527769810645939,12.652395000000979,89.76
1279,285,19.601145000000542,7.082212634980534,13.051250000000437,89.76
1288,286,31.972372000000178,7.387847595294262,1.078878000000259,88
1290,287,5.708816999998817,7.819306058088444,15.370061000001442,89.76
1301,288,38.35502400000041,8.477788429457942,-2.98496299999897,88
1302,289,0.29651000000012573,9.179394777616812,16.718527000000904,89.76
1313,290,33.62037599999894,9.456956104015696,3.0981510000019625,88
1314,291,11.615678000001935,9.389916472514594,11.482473000000027,88
1334,292,25.731779999998253,9.161282942982323,5.750693000001775,88
1337,293,17.65686800000185,8.735148509045812,8.093824999999924,88
1348,294,30.18090200000006,8.825508102230453,-2.0870770000001357,88
1349,295,5.502688000000489,9.179995845841018,12.410234999999375,89.76
1359,296,31.22438300000067,9.307770042975998,1.1858519999987038,88
1361,297,10.222181999997701,9.337148040290142,10.963670000001002,88
1373,298,22.9827750000004,8.939999725272033,7.980895000000601,88
1375,299,12.873070000001462,8.82668286744244,15.107824999999139,89.76
1387,300,39.75308099999893,9.50958275072722,-4.64525599999979,88
1389,301,6.991642000000866,9.728256203806716,8.363101999999344,88
1409,302,29.940577999997913,9.741526316068665,-1.577475999998569,88
1410,303,2.9654020000016317,10.197343296314271,15.4571219999998,89.76
1417,304,28.43439600000056,10.087159090294664,7.022725999999238,88
1420,305,18.526426000000356,9.548810022151224,8.496299999998882,88
1432,306,31.2461919999987,9.654896395766691,-2.749891999999818,88
1433,307,2.7934339999992517,10.12687574603132,14.45667400000093,89.76
1439,308,38.439572999999655,10.646419324404341,-3.9828989999987243,88
1440,309,3.71114800000214,10.999071366628936,12.305952999999135,89.76
1452,310,35.59564599999794,11.2863572812145,-3.289692999998806,88
1455,311,9.514351000001625,11.236313013638492,7.195955999999569,88
1462,312,25.807511999999406,10.897012950286049,1.3884440000001632,88
1465,313,13.224694000000454,10.639406265893143,8.163749999999709,88
1471,314,29.411401000001206,10.562655936774897,-1.2476510000014969,88
1473,315,9.969144999999116,10.529418378226522,8.783203999999387,88
1477,316,22.832903999998962,10.0483862295873,5.950300000000425,88
1480,317,19.680655000000115,9.440321152738086,6.26964500000031,88
1491,318,22.58937700000024,9.012137143191971,3.680268000000069,88
1493,319,11.197470999999496,8.999036634242504,12.482797000000573,88
1499,320,34.131358999999065,9.319806782102289,-1.648561999998492,88
1500,321,6.13205999999991,9.604065108220901,12.219378000001598,88
1513,322,31.873719000002893,9.745918476457275,0.34565899999870453,88
1514,323,3.9080770000000484,10.142543759178693,16.437581999998656,88
1524,324,28.231801999998424,10.023122399229926,8.205780000000232,88
1526,325,15.809212000000116,9.65860149927805,12.396568000000116,88
1539,326,32.328927999998996,9.825496905573107,0.06764000000111992,89.76
1541,327,6.534458000001905,10.052999723974668,13.533181999999215,89.76
1552,328,33.87629899999956,10.291955928726225,-0.3431170000003476,86.24
1553,329,7.170400999999401,10.450558620680873,12.486482000000251,88
1561,330,29.947198000001663,10.419098581888422,2.539283999998588,86.24
1564,331,14.320295999998052,10.122886420520517,8.218988000000536,88
1582,332,20.836029000001872,9.542457831738101,7.382958999998664,89.76
1584,333,13.08631400000013,9.378159592254462,14.296644999998534,89.76
1586,334,31.38017299999774,9.503285430238417,2.9164720000007947,88
1589,335,14.092926000001171,9.278522215848444,8.823545999999624,88
1603,336,28.53630400000111,9.232133577357985,0.2872419999985141,88
1605,337,12.274433999999019,9.137973103773172,8.012807999999495,88
1611,338,28.22858300000007,9.081136222287354,-0.21577500000057626,89.76
1613,339,9.026443999999174,9.199412458394447,10.75778100000025,88
1623,340,24.582362000001012,8.910846804744857,6.175418999999238,89.76
1625,341,10.946435999998357,8.919766629448405,15.22898300000088,89.76
1632,342,35.70762200000172,9.344007590107987,-0.4786390000008396,88
1634,343,14.21543599999859,9.121542365726325,5.30592500000057,88
1641,344,21.2800900000002,8.631451592868443,4.02583500000037,89.76
1644,345,18.856894000000466,8.163429993314136,5.168940999999904,88
1655,346,21.600789000000077,7.753264931232007,3.5681519999998272,89.76
1657,347,7.646508999998332,8.04077906053011,15.921643000001495,89.76
1670,348,36.47723700000279,8.568057681747153,-0.5555940000012924,88
1672,349,11.555582999997569,8.560330139138108,7.888823000001139,88
1678,350,32.0231789999998,8.776758192941964,-4.134355999998661,89.76
1680,351,7.642825000002631,9.000534243382926,8.222818999998708,88
1690,352,23.96449500000017,8.685781790671504,4.258323999998538,89.76
1692,353,11.448146999999153,8.677411241254587,12.810176999999385,88
1700,354,28.902086999998573,8.691453476176086,3.9080900000008114,88
1703,355,15.848830999999336,8.407685696415122,8.059259000001475,88
1719,356,24.323144000001776,8.152401840389288,3.7361149999996996,89.76
1722,357,14.060319000000163,8.014106787864947,9.675795999999536,88
1728,358,22.030135000000882,7.640108551123443,7.645660999998654,89.76
1731,359,18.892872999997053,7.231797204178411,8.752788000001601,88
1740,360,29.942497000000003,7.401215941417261,-1.1897089999984019,89.76
1742,361,9.870715000000928,7.571720257578624,8.93957600000067,89.76
1748,362,25.223614999998972,7.424963678979896,3.7159610000016983,89.76
1750,363,12.294020000001183,7.442527199043579,11.421941000000515,89.76
1758,364,34.56145800000013,7.887460374103363,-3.139516999999614,88
1760,365,11.49216399999932,7.926233850721945,5.368319000001065,88
1772,366,24.616186999999627,7.7193559225518005,0.7521320000014384,88
1775,367,10.329090999999607,7.841327989892338,10.423041000001831,89.76
1781,368,29.410202000002755,7.939382615524239,1.012838999999076,88
1783,369,7.280420999999478,8.238144889554007,13.732417999999598,89.76
1792,370,30.93282800000088,8.406562583956937,2.799589999998716,89.76
1795,371,12.154255999997986,8.371511422459754,10.64533400000073,88
1805,372,26.82496600000013,8.274852333556028,3.820368000000599,89.76
1808,373,16.413264999999228,7.981845000208825,7.407103000001371,88
1815,374,21.425359000000753,7.572064625195821,5.981744000000617,88
1817,375,15.334160999998858,7.390425523621153,10.64758300000176,88
1830,376,25.01170600000114,7.241755553394903,5.635877000000619,89.76
1834,377,15.85689099999945,7.048090143807755,9.778986000001169,88
1840,378,27.906199000000925,7.101721947319828,1.872787000000244,89.76
1843,379,11.698777000001428,7.17669076311225,10.174009999998816,88
1853,380,23.14385499999844,6.924638527917637,7.030155000000377,89.76
1856,381,20.95992699999988,6.551844057422777,6.070228000000498,88
1865,382,26.057917999998608,6.520973678833766,0.01231000000188942,88
1867,383,11.878479000002699,6.6210078864064865,8.13383099999919,88
1875,384,31.958091000000422,6.954575581006107,-3.8242600000012317,88
1877,385,10.254906999998639,7.1289829196933105,5.92083300000013,88
1891,386,24.087563000000955,6.938894174712538,1.8332699999991746,89.76
1893,387,5.8355740000006335,7.3904899137929645,15.997695999998541,89.76
1899,388,29.801492999999027,7.541177606680844,6.196202999999514,89.76
1901,389,14.607146999998804,7.406907318763365,11.58905600000071,89.76
1911,390,31.934790999999677,7.689900048840635,-0.3457349999989674,88
1913,391,11.604155000000901,7.734021608288039,8.050110000000132,88
1922,392,31.416087000001426,7.964150695270126,-3.365977000001294,88
1923,393,5.534277999999176,8.370498901815795,11.09974499999953,89.76
1936,394,32.37990499999796,8.62108678295218,-1.2801599999984319,88
1938,395,11.071759000002203,8.64028392151753,7.648080999999365,89.76
1954,396,31.548814999998285,8.822067113922579,-3.90073399999892,88
1956,397,6.099473000002035,9.13947085680229,9.999792999999045,88
1969,398,28.471545999997034,9.097725553251962,1.5282470000020112,89.76
1971,399,6.694550000000163,9.360708331173704,14.833697000001848,89.76
1980,400,32.527398000001995,9.558626435475473,2.3062989999998535,89.76
1982,401,8.703667999998288,9.667233033258363,13.602631000001566,89.76
1991,402,30.0665590000026,9.692190906179878,3.536071999998967,88
1994,403,12.886700999999448,9.53101016204367,10.649370999999519,88
2006,404,32.35801499999798,9.707697964415814,-1.7086439999984577,88
2007,405,2.9498190000012983,10.166603154139745,15.341537000000244,89.76
2028,406,30.115568000001076,10.163413457006078,5.225968999999168,89.76
2029,407,11.94243699999788,10.03179780344333,13.283532000001287,89.76
2035,408,32.69581100000141,10.19829862822821,0.587720999999874,88
2036,409,3.6450240000012855,10.583090963963867,16.94269699999859,89.76
2045,410,38.51317299999937,11.078721091216087,-1.570476000000781,88
2046,411,7.778471999998146,11.150146523015197,10.651052000001073,89.76
2052,412,28.398322000000917,10.978157490326804,2.252730000000156,88
2053,413,9.699048999998922,10.935832084681447,12.553681000001234,89.76
2062,414,23.043448000000353,10.44255807938888,9.51023300000088,89.76
2063,415,18.96782600000006,9.854409074427071,10.542407000000821,89.76
2068,416,16.627323000000615,9.44930081977534,13.915084000000206,89.76
2075,417,25.11420999999973,9.178357643539364,8.800874000000476,88
2082,418,19.97594200000094,8.606213915818095,8.824931999999535,89.76
2083,419,16.08845999999903,8.312796796079525,12.736472000000504,88
2087,420,22.732562000001053,7.96403212132462,10.00390999999945,89.76
2092,421,18.18475199999739,7.5797331137419945,11.819158000002062,89.76
2100,422,19.493978000002244,7.13762616913298,12.325179999999818,89.76
2103,423,22.442527999999584,6.844182533562142,9.882652000000235,89.76
2104,424,15.07376700000168,6.724310687714403,14.808884999998554,89.76
2110,425,18.257104999996955,6.412972207232443,16.5517800000016,89.76
2118,426,30.250239000000875,6.65280138178047,6.301541000000725,89.76
2126,427,19.338362000002235,6.278353670419051,6.96317899999849,88
2136,428,18.00662199999715,6.010542691018038,8.95655700000134,89.76
2138,429,12.741691999999603,6.088528022829436,16.214865000001737,89.76
2146,430,23.24757099999988,5.910968208902589,12.967294000001857,89.76
2149,431,22.70716800000082,5.7107306958462285,10.260126000001037,89.76
2162,432,16.73841100000209,5.557659339855709,13.521714999998949,89.76
2164,433,21.846773999997822,5.325729006114591,11.674941000001127,89.76
2171,434,19.367965000001277,5.03237313073235,12.30697599999985,89.76
2174,435,26.475704000000405,5.122581310061603,5.831271999999444,88
2191,436,10.489819999998872,5.3968062281828235,15.341452000000572,89.76
2194,437,26.20226900000125,5.447147651421475,9.13918299999932,88
2197,438,23.98742299999867,5.35591486070755,5.15176000000065,88
2198,439,12.022078000001784,5.519790306913217,13.129681999998866,89.76
2217,440,22.278878999997687,5.317233350230996,10.850803000001179,89.76
2220,441,21.115482000001066,5.054623890841626,9.735321000000113,89.76
2227,442,16.54154600000038,4.954863272664,13.193774999999732,89.76
2229,443,21.04721299999801,4.710635130622376,12.146562000001722,89.76
2241,444,22.294652000000497,4.559636184958508,9.851910000001226,89.76
2243,445,19.55540100000144,4.302446360898512,10.296508999999787,89.76
2251,446,20.528814000001148,4.066594338342426,9.767694999998639,89.76
2252,447,18.342530999998417,3.9160240046961237,11.425164000000223,89.76
2259,448,18.69772699999885,3.7526645669026877,12.727437000001373,89.76
2262,449,25.385669999999664,3.8547274064712487,7.34176700000171,88
2273,450,12.189340000000811,4.101973193566745,15.152427000000898,89.76
2275,451,23.69977800000197,4.076835993968947,11.452648999998928,88
2287,452,25.781858999998803,4.183399931845813,5.670790000000125,89.76
2289,453,16.64562400000068,4.131585936105407,9.025165999999444,88
2295,454,17.46575699999812,4.031752002598936,11.559409000001324,89.76
2298,455,23.10454799999934,3.9738017524364615,8.454861000001983,88
2305,456,18.457791000000725,3.8218272054091376,9.997070000001258,89.76
2306,457,15.743755999999848,3.848978255071076,14.25331400000141,89.76
2313,458,23.982284000001528,3.8573098641292294,10.271029999999882,89.76
2314,459,13.061871999998402,4.049860997621252,17.20915800000148,89.76
2331,460,27.337714000001142,4.255351810269995,9.871444000000338,89.76
2333,461,21.57248199999958,4.087672447128094,8.298962000000756,88
2340,462,21.93677799999932,3.953241544182546,6.3621840000014345,89.76
2342,463,17.322149999999965,3.873529572671139,9.04003400000147,88
2348,464,14.166707000000315,3.996014786879173,14.873327000001154,89.76
2352,465,25.57389400000102,4.0946322376992885,9.299433000000136,88
2359,466,19.52548200000092,3.8683750978430256,9.773950999999215,88
2360,467,16.889633999999205,3.820999529227886,12.88431700000001,89.76
2376,468,22.33137799999895,3.7278981836510776,10.55293900000106,89.76
2377,469,15.17318200000227,3.7965806721727433,15.37975699999879,89.76
2385,470,29.08317999999781,4.12699313016181,6.29657700000098,88
2389,471,17.937190000000555,3.9979816845266622,8.359387000000424,88
2397,472,19.2118389999996,3.7973678917437708,9.147548000000825,88
2400,473,21.841883000000962,3.6751500860098454,7.305664999999863,88
2402,474,20.188098999999056,3.457209393134171,7.1175660000008065,88
2409,475,17.621907000000647,3.389764618563245,9.49565900000016,88
2423,476,23.516899999998714,3.3977105799029617,5.978759000001446,88
2426,477,20.124753000000055,3.19315073115903,5.854006000001391,88
2427,478,14.823028000002523,3.317139560461433,11.030977999998868,89.76
2431,479,20.423063999998703,3.136259837932512,10.607914000000164,88
2445,480,16.06645600000047,3.1860900980617006,14.541457999999693,89.76
2449,481,23.414826000000176,3.2003860919328555,11.126631999999518,89.76
2457,482,21.88467799999853,3.11815433618696,9.241954000000987,88
2458,483,13.98374899999908,3.2992853776753326,15.258205000001908,89.76
2465,484,22.237558000000718,3.232927416570669,13.02064700000119,89.76
2467,485,21.730185000000347,3.139006015535024,11.290462000000844,89.76
2476,486,20.463252000001376,2.971771389564171,10.827209999999468,88
2478,487,23.94755499999883,3.0327578652163374,6.879655000000639,88
2486,488,12.76475500000015,3.295413311140307,14.114900000000489,89.76
2488,489,18.122692000000825,3.206781729193986,15.992207999999664,89.76
2501,490,27.415037999999186,3.469797746119311,8.577170000000478,88
2502,491,13.940709999998944,3.63164101198692,14.636460000001534,89.76
2510,492,21.088777000000846,3.4727120112377903,13.547683000000688,89.76
2513,493,25.04152199999953,3.570762635535399,8.506161000001157,88
2522,494,18.074273000001995,3.467947908314312,10.431887999999162,89.76
2523,495,19.145705999999336,3.3045945390447087,11.286181999999826,89.76
2539,496,24.386975999997958,3.372243380354287,6.899206000001868,88
2541,497,18.21744000000035,3.272888169082122,8.681766000001517,88
2548,498,21.917661999999837,3.1881865335144792,6.76410400000168,88
2550,499,20.576829000001453,3.024976687669915,6.187275000000227,88
2566,500,15.29733699999997,3.129832082190547,10.889938000000257,88
2567,501,18.112653000000137,3.0521767645536295,12.77728500000012,89.76
2574,502,23.26959899999929,3.0657656542689833,9.507686000000831,89.76
2575,503,18.26205200000186,2.9827770508770555,11.245633999998972,89.76
2591,504,22.292375999997603,2.9396269851970898,8.95325800000137,88
2593,505,20.58531700000094,2.7924826111223306,8.367941000000428,88
2601,506,19.497306000001117,2.649370822927115,8.87063499999931,88
2603,507,21.494048000000475,2.5771631464942,7.376586999998835,88
2612,508,15.811189000000013,2.6778911373383116,11.565397999998822,89.76
2614,509,14.504422999998496,2.853996503754761,17.060975000000326,88
2625,510,25.109073999999964,2.9949388472700864,11.951901000000362,89.76
2627,511,20.33537399999841,2.8287160443156067,11.616527000001952,89.76
2636,512,20.894798000001174,2.707846166545955,10.721729000000778,89.76
2638,513,20.399671999999555,2.5635852811368047,10.322057000001223,89.76
2644,514,13.801319000001968,2.7907787635656316,16.520737999999255,89.76
2647,515,29.550067000000126,3.2132342783427874,6.970670999999129,88
2654,516,14.847431999998662,3.3344426359464467,12.123239000000467,89.76
2656,517,18.1296399999992,3.242937471199844,13.993599000001268,89.76
2665,518,24.11820500000249,3.2976416917500093,9.875393999998778,88
2668,519,24.895533999999316,3.397509961015591,4.979859999999462,88
2682,520,15.516210999998293,3.465402400952223,9.463649000001169,89.76
2684,521,15.760921000000963,3.513757188392649,13.702728000000207,89.76
2694,522,27.76731899999868,3.779604801618026,5.935409000001528,88
2696,523,16.512689999999566,3.7613363765169265,9.422719000001962,89.76
2703,524,15.427823000001808,3.8120139154845054,13.994896000000153,89.76
2706,525,26.234004999998433,3.963388358266626,7.76089100000172,88
2711,526,15.521098000001075,3.9956079608748944,12.239793000000645,89.76
2715,527,21.837910999998712,3.860751900820133,10.401882000001933,89.76
2721,528,17.275917000002664,3.7897100945187083,13.125964999999269,89.76
2722,529,7.359219999998459,4.342901963611386,25.76674500000081,89.76
2740,530,38.31087000000116,5.215899965885747,7.455874999999651,88
2741,531,9.24169400000028,5.562300343017871,18.21418099999937,89.76
2749,532,23.3270279999997,5.422595821579235,14.887152999999671,89.76
2751,533,12.519583999997849,5.551209582730667,22.367569000001822,89.76
2757,534,31.563938000002963,5.927005108810186,10.803630999998859,88
2760,535,12.066052999998647,6.052438977009634,18.737578000000212,89.76
2768,536,38.97615600000063,6.860171290946571,-0.23857800000041607,88
2769,537,6.6690380000000005,7.264595710262411,13.092383999999583,89.76
2776,538,18.51379199999792,6.90344647837114,14.578592000001663,89.76
2779,539,27.19609599999967,6.921737073472923,7.382496000001993,88
2791,540,10.096239000002242,7.108113568880725,17.28625699999975,89.76
2793,541,19.988208999999188,6.6645934083257306,17.298048000000563,89.76
2802,542,30.6040920000014,6.91081207030546,6.693955999999162,88
2803,543,10.350932999997895,7.081953003411501,16.343023000001267,89.76
2811,544,25.073530000001483,6.956426565698375,11.269492999999784,89.76
2813,545,5.396651999999449,7.4343591553422606,25.872841000000335,89.76
2820,546,35.12382200000138,7.9149505831334555,10.749018999998952,89.76
2822,547,8.326748999999836,8.149844359187625,22.422269999999116,89.76
2832,548,45.815037999997,9.253918961738211,-3.3927679999978864,88
2833,549,3.749167000001762,9.691226089129463,12.858065000000352,89.76
2847,550,20.821415999998862,9.136862958558801,12.03664900000149,89.76
2850,551,15.578420000001643,8.842157773648774,16.458228999999847,89.76
2852,552,24.845070999999734,8.592339850295708,11.613158000000112,89.76
2854,553,14.751124999998865,8.383373297152298,16.862033000001247,89.76
2867,554,22.25518700000248,8.000361653580434,14.606845999998768,89.76
2869,555,18.578072999996948,7.589209487731848,16.02877300000182,89.76
2877,556,20.703292000001966,7.15883964474873,15.325480999999854,89.76
2880,557,16.474857000001066,6.9317336044518685,18.85062399999879,89.76
2888,558,23.96266299999843,6.746166691673529,14.88796100000036,89.76
2889,559,11.854366999999911,6.833633335943939,23.03359400000045,89.76
2898,560,39.98021499999959,7.655294689947417,3.0533790000008594,88
2900,561,6.120553000000655,8.044304209325663,16.932826000000205,89.76
2908,562,28.998632999999245,8.103949758742761,7.93419300000096,88
2911,563,19.68399800000043,7.617203023821312,8.25019500000053,88
2923,564,20.674370000000636,7.183275959832519,7.575824999999895,88
2925,565,11.761782999998104,7.249209774843106,15.814042000001791,89.76
2931,566,34.77448700000241,7.719539601415562,1.0395549999993818,88
2934,567,14.186953000000358,7.600383813827067,6.852601999999024,88
2943,568,30.930406999999832,7.808510262962865,-4.077805000000808,88
2945,569,7.019169999999576,8.131780246527711,8.903024999999616,89.76
2951,570,27.694344999999885,8.104440543619722,1.208679999999731,88
2954,571,11.485826000000088,8.130048884643484,9.722853999999643,88
2963,572,33.020995999999286,8.435733079353222,-3.2981419999996433,88
2964,573,1.1036529999983031,9.08952144939375,15.598205000002054,89.76
2975,574,36.02572200000213,9.523033983806775,-0.42751700000007986,88
2976,575,6.741577000000689,9.756495797318808,12.830905999999231,89.76
2982,576,30.871838999999454,9.826204747486347,1.9590669999997772,88
2983,577,0.23646799999914947,10.447287700768504,21.722599000000628,89.76
2992,578,40.265197000000626,11.060907031970512,1.4574020000000019,86.24
2995,579,15.207344999998895,10.669141279972424,6.250057000001107,88
3002,580,26.362660999999207,10.399986262474098,-0.11260399999810033,88
3004,581,10.688735000003362,10.331941183569256,9.198660999998538,88
3010,582,26.63116599999921,10.100642734596128,2.567494999999326,88
3012,583,13.407681999997294,9.88137243868404,9.159813000002032,88
3022,584,29.93494500000088,9.884720723766343,-0.7751319999988482,88
3023,585,6.738938000002236,10.095742053530806,12.485929999998916,88
3035,586,33.19008099999701,10.289138237684943,-0.7041509999980917,88
3036,587,3.7522310000022117,10.661552660329496,15.543617999999697,89.76
3043,588,36.35021200000119,11.017093869058977,-0.8065940000014962,88
3045,589,10.067202999998699,10.949325314742872,9.126202999999805,89.76
3056,590,18.01487999999881,10.389062482571516,11.111323000000993,88
3057,591,8.656631000001653,10.448706639910693,22.45469199999934,89.76
3064,592,34.57841600000029,10.706813474916293,7.876275999999052,89.76
3066,593,14.480797000000166,10.382587820234015,13.395478999998886,88
3085,594,28.918390999999247,10.291075518969341,4.47708799999964,86.24
3087,595,12.04448499999853,10.14510298653385,12.432603000001109,88
3103,596,24.209171000002243,9.774107237375624,8.223431999998866,88
3105,597,22.6114439999983,9.32644078503954,5.611988000000565,88
3119,598,27.978933999998844,9.242221610974497,-2.366945999998279,89.76
3120,599,9.762313000002905,9.304438197788409,7.870740999998816,88
3133,600,24.020752999997057,8.97420787292645,3.8499880000017583,88
3136,601,14.49925500000245,8.757116443368393,9.350732999999309,88
3145,602,20.933647999998357,8.268149665657765,8.417085000000952,88
3148,603,21.084634999999253,7.819179999054108,7.3324500000017,88
3169,604,20.29557300000306,7.348954561613417,7.03687699999864,88
3172,605,20.5389929999983,6.923331964012473,6.49788400000034,88
3177,606,12.072078000001056,6.986118841261627,14.425805999999284,88
3178,607,13.21913399999903,6.973290538682836,21.206672000000253,89.76
3193,608,40.73588000000018,7.83345238001517,0.47079200000007404,86.24
3195,609,8.814164999999775,8.042976293764236,11.656627000000299,88
3203,610,32.289160000000265,8.308362775403987,-0.6325329999999667,88
3204,611,10.125983999998425,8.406216101941336,9.241483000001608,88
3212,612,23.753435000002355,8.11541728307015,5.488047999999253,88
3215,613,19.966111999998247,7.610321702878375,5.521936000001006,88
3229,614,23.461155000000872,7.350998783948531,2.0607810000001336,88
3231,615,10.077556000000186,7.511714109951736,11.983224999999948,88
3241,616,27.878937999998016,7.534665603079628,4.104287000001932,89.76
3243,617,15.947464000000764,7.317032502887104,8.156823000001168,89.76
3248,618,12.310678000001644,7.340300596456557,15.846144999999524,89.76
3250,619,16.694234999999026,7.088142121678083,19.1519100000005,91.52
3260,620,35.55637399999978,7.617406614073189,3.5955360000007204,89.76
3263,621,14.197080000001733,7.504001200693506,9.398455999998987,88
3274,622,24.014404999998078,7.2859014381500415,5.384051000000909,89.76
3276,623,13.328842999999324,7.247479910765707,12.055208000001585,88
3291,624,18.18680300000051,6.907837228842818,13.868405000001076,89.76
3293,625,23.074069000002055,6.66822671454027,10.79433599999902,88
3300,626,24.492575999996916,6.532248544881311,6.301760000002105,89.76
3303,627,14.772260000001552,6.450716760826132,11.529500000000553,88
3313,628,33.04706000000078,6.862988213274548,-1.5175600000002305,88
3315,629,12.271996999999828,6.917051637444899,6.210442999999941,88
3320,630,27.651644000001397,6.9629636601046805,-1.4412010000014561,88
3322,631,10.125798999997642,7.144915993848286,8.433000000000902,88
3330,632,32.80888100000084,7.49891380673282,-4.375880999999936,88
3331,633,4.746781999998348,7.983557818812122,10.877337000001717,89.76
3345,634,29.08737200000178,8.052546205136476,1.7899649999999383,89.76
3348,635,14.890369000000646,7.868614004815406,6.899595999999292,88
3355,636,24.4609939999973,7.655637754514274,2.4386020000019926,89.76
3357,637,5.165366000001086,8.104325019857065,17.273236000000907,89.76
3362,638,35.783627000000706,8.584281393616042,1.4896090000002005,89.76
3364,639,7.385315999999875,8.836181556515047,14.104293000000325,89.76
3373,640,38.05673899999965,9.412466396732835,-3.952445999999327,86.24
3375,641,6.407078000000183,9.673744871937021,9.64047600000049,88
3383,642,27.972272999999404,9.56740287994092,1.6682030000010855,88
3386,643,14.152148000001034,9.334930949944548,7.516055000000051,88
3398,644,25.202981999998883,9.076684140572944,2.313073000001168,88
3400,645,10.384296000000177,9.110372881787123,11.928777000000991,88
3410,646,31.273830000001908,9.245588951675547,0.6549469999990833,88
3411,647,5.507829999998648,9.573500267195909,15.147117000000435,89.76
3420,648,37.9530339999983,10.097221125496059,-2.805916999997862,88
3421,649,1.3655070000022533,10.630800617652415,15.828575999999885,89.76
3437,650,40.4871209999983,11.246820641549032,-4.658544999998412,88
3439,651,6.793731000001571,11.36928616395212,8.547724000000017,88
3446,652,30.174794999998994,11.29463046620505,-1.6270709999989776,88
3447,653,3.8500090000015916,11.598090499567135,14.52291999999943,89.76
3462,654,30.489690999998857,11.528815530844117,4.033229000000574,88
3465,655,13.839638000001287,11.193287185166279,10.193590999999287,89.76
3467,656,31.455457000000024,11.209672798593388,-1.2618660000007367,86.24
3468,657,2.690184999999474,11.590931686181335,16.04794899999979,88
3488,658,35.91820200000075,11.861386080795048,0.1297469999990426,88
3490,659,12.290811999999278,11.601873700745402,7.838934999999765,88
3495,660,31.15420599999925,11.573894469448767,-3.315270999999484,88
3497,661,8.834113000000798,11.54839400260817,7.850615999999718,88
3505,662,24.90417299999899,11.133130189945096,2.946443000000727,88
3507,663,17.079860000001645,10.619818303073425,5.866582999999082,89.76
3519,664,17.829469000000245,10.09173784663132,8.037113999998837,89.76
3521,665,19.14928399999917,9.514173981216913,8.887829999999667,88
3527,666,18.70737999999983,9.000326857390867,10.180449999999837,89.76
3529,667,24.220258000001195,8.701572553804013,5.960191999998642,88
3543,668,16.055098999997426,8.404280581691424,9.905093000001216,88
3544,669,14.284182999999757,8.236251607835726,15.620910000001459,88
3552,670,23.02141400000255,7.9103242573461525,12.599495999998908,89.76
3554,671,19.92888099999982,7.42037392876203,12.670614999999088,89.76
3567,672,22.29728299999988,7.100180745714395,10.373331999999209,89.76
3568,673,18.83577299999888,6.729183636607315,11.537559000000329,88
3575,674,22.12339200000133,6.441321659319441,9.414166999998997,88
3578,675,19.765708999999333,6.053382243112018,9.648457999999664,88
3588,676,17.050209000000905,5.85940779041746,12.59824899999876,89.76
3591,677,21.22074799999973,5.569491553516352,11.377500999999029,88
3605,678,19.85265900000013,5.2306071439215716,11.524841999998898,89.76
3608,679,22.095234999997047,5.034646384926289,9.429607000001852,89.76
3617,680,20.325386000000435,4.740317610868423,9.104221000001417,89.76
3618,681,10.86819000000105,5.014785885189081,18.236031000000366,89.76
3625,682,31.294185999999172,5.407248392364711,6.941845000001194,89.76
3628,683,17.334168000001227,5.2359098678418405,9.607676999999967,88
3632,684,17.65067999999883,5.055498001101799,11.956997000001138,89.76
3635,685,25.529443999999785,5.085119626032923,6.427553000001353,88
3644,686,19.50188999999955,4.798431524405894,6.925663000001805,89.76
3646,687,19.038410000001022,4.558628929130461,7.887253000000783,88
3660,688,20.06361200000174,4.277690371059916,7.823640999999043,89.76
3662,689,18.223666999998386,4.121355535368772,9.599974000000657,88
3668,690,18.00158200000078,3.988671939408175,11.598391999999876,89.76
3670,691,19.66009800000029,3.7606238181951457,11.938293999999587,89.76
3676,692,23.186641000000236,3.724749892057964,8.75165299999935,89.76
3677,693,15.363769999999931,3.7817173988043455,13.38788299999942,89.76
3684,694,17.974240999999893,3.6719699988790806,15.413641999999527,89.76
3687,695,23.29071400000248,3.6481414989492933,12.122927999997046,89.76
3694,696,20.84809499999392,3.4731385927645824,11.274833000003127,89.76
3696,697,14.309486000005563,3.611724555716448,16.965346999997564,89.76
3714,698,28.900219999995898,3.9422555209839136,8.065127000001667,89.76
3715,699,14.635984000000462,4.03111555092239,13.429143000001204,88
3728,700,21.92450000000099,3.8994520789898024,11.504643000000215,89.76
3731,701,21.80992300000071,3.768856511552984,9.694719999999506,89.76
3739,702,19.72292600000219,3.5506201045807857,9.971793999997317,89.76
3741,703,21.61182700000063,3.429445535544526,8.359966999996686,88
3748,704,8.766288999999233,3.917212127073041,19.593677999997453,89.76
3750,705,25.453661999999895,4.013240244130969,14.140015999997559,89.76
3762,706,19.933587999999872,3.7665634788727917,14.206427999997686,89.76
3765,707,25.08565799999633,3.849006886443013,9.120770000001357,88
3781,708,17.88291300000128,3.7407618935402445,11.237857000000076,89.76
3783,709,17.44331200000306,3.666757275193788,13.794544999997015,89.76
3790,710,22.081661999996868,3.5676888204939803,11.712883000000147,89.76
3792,711,19.42989800000214,3.380339644212973,12.282984999998007,89.76
3800,712,20.59860800000024,3.206481416449677,11.684376999997767,89.76
3802,713,18.44819699999789,3.103064015421704,13.236179999999877,89.76
3811,714,22.871718000002147,3.088604889457982,10.36446199999773,89.76
3812,715,18.021978999997373,3.0191933963670223,12.342483000000357,89.76
3819,716,22.03942300000199,2.9579577465942077,10.303059999998368,89.76
3821,717,20.0887189999994,2.778630324932032,10.214340999998967,89.76
3832,718,16.290173000001232,2.836830117123703,13.924167999997735,89.76
3834,719,22.186961999999767,2.796213359803457,11.737205999997968,88
3843,720,20.359245999999985,2.64390289981574,11.377959999997984,88
3845,721,18.959007999997993,2.5437209685773814,12.41895199999999,88
3853,722,17.635865999996895,2.532496783041489,14.783086000003095,89.76
3855,723,22.78972000000067,2.548573234101438,11.993366000002425,89.76
3864,724,23.14520099999936,2.585862469470058,8.848165000003064,88
3867,725,18.8413800000053,2.496659815127848,10.006784999997762,89.76
3873,726,17.29156299999886,2.509895889182429,12.715221999998903,89.76
3877,727,25.624426999995194,2.7045540836082265,7.090795000003709,88
3891,728,20.143984000002092,2.544518453382843,6.946811000001617,88
3893,729,17.479103999998188,2.5430420500465285,9.46770700000343,89.76
3898,730,16.14194000000134,2.6252306719185365,13.325767000002088,89.76
3901,731,23.428962000005413,2.6754638799239663,9.896804999996675,88
3909,732,21.026012999995146,2.572373199928415,8.87079200000153,89.76
3912,733,18.490005999999994,2.5059744999328895,10.380786000001535,89.76
3918,734,12.268169000002672,2.832590531186917,18.112616999998863,89.76
3920,735,24.042153000002145,2.9081881854878686,14.070463999996718,89.76
3928,736,22.702701999995043,2.895345298894567,11.367762000001676,89.76
3932,737,17.702264999999898,2.857994655213663,13.665497000001778,89.76
3946,738,23.768502999999328,2.914901426762767,9.89699400000245,89.76
3948,739,19.636664000005112,2.7554285875897744,10.260329999997339,89.76
3955,740,12.500667000000249,3.051922613365398,17.75966299999709,89.76
3957,741,24.780429999998887,3.159954325029991,12.979232999998203,89.76
3965,742,22.44260199999553,3.115119804715337,10.536631000002671,89.76
3967,743,23.40370100000291,3.1331561294208106,7.13292999999976,88
3972,744,12.57904899999994,3.4011433088320135,14.55388099999982,88
3976,745,28.57734199999686,3.7246557270298166,5.976539000002958,88
3984,746,11.053764000003866,4.051004494090211,14.922774999999092,89.76
3989,747,21.47294300000067,3.889875650709615,13.449831999998423,88
4003,748,29.12262599999667,4.216922547540056,4.327206000001752,88
4005,749,17.643420000000333,4.100651138318781,6.683786000001419,88
4011,750,14.683599000003596,4.176635504673633,12.000186999997823,89.76
4014,751,24.23154699999577,4.180067473131267,7.768640000002051,88
4020,752,16.294788999999582,4.150388943560589,11.473851000002469,89.76
4022,753,20.083301999999094,3.896196009587996,11.390549000003375,89.76
4030,754,16.414146000002802,3.876799633988571,14.976403000000573,88
4032,755,22.38224800000171,3.7833901568643924,12.594154999998864,88
4044,756,18.801149999999325,3.62185639706041,13.793004999999539,88
4046,757,16.49132599999575,3.6147824972444,17.301679000003787,89.76
4060,758,19.64054000000033,3.4113248411666044,17.66113900000346,89.76
4064,759,28.72042800000054,3.7431437885937253,8.94071100000292,88
4065,760,15.156471000002057,3.811917864306489,13.784240000000864,89.76
4067,761,20.34615699999995,3.59530781028733,13.438083000000915,89.76
4081,762,24.957752000002074,3.6804605721445016,8.480330999998841,88
4082,763,15.237354999997478,3.7480970988856277,13.242976000001363,89.76
4091,764,26.2044240000032,3.901617530205476,7.0385519999981625,88
4092,765,12.223339999996824,4.143807684567832,14.815212000001338,89.76
4101,766,19.550241000004462,3.912929641782064,15.264970999996876,89.76
4103,767,24.036677999996755,3.920663914170482,11.228293000000122,89.76
4114,768,22.470188999999664,3.830009232034806,8.758104000000458,88
4115,769,14.589449999999488,3.928793030032663,14.16865400000097,89.76
4123,770,22.981348000001162,3.869577715655694,11.187305999999808,88
4125,771,12.879690000001574,4.072748483427114,18.307615999998234,89.76
4140,772,22.53006800000003,3.9763309532129214,15.777547999998205,89.76
4142,773,19.16452600000048,3.780027393637084,16.613021999997727,89.76
4150,774,23.061321999994107,3.7351083065343977,13.55170000000362,89.76
4154,775,23.938125000000582,3.747796849876034,9.613575000003038,88
4163,776,18.45753700000205,3.609963484258654,11.15603800000099,88
4167,777,23.92111699999805,3.629410578992366,7.234921000002942,89.76
4176,778,19.128409000004467,3.457046855305064,8.106511999998474,89.76
4177,779,13.082643000001553,3.6733162393484005,15.023868999996921,89.76
4187,780,24.82082299999456,3.7450354118887854,10.20304600000236,88
4188,781,17.66747000000032,3.656753823645716,12.535576000002038,89.76
4206,782,16.008555000000342,3.6776720221678376,16.527021000001696,89.76
4209,783,21.26660400000401,3.526980270782598,15.260416999997688,89.76
4218,784,20.949432999994315,3.36588356635833,14.310984000003373,88
4220,785,19.74537500000588,3.1714299059605673,14.565608999997494,89.76
4229,786,20.987429000000702,3.034929849338076,13.578179999996792,89.76
4232,787,24.90205799999967,3.1516253587544254,8.676121999997122,88
4245,788,16.018472999996447,3.203494211332496,12.657649000000674,89.76
4248,789,22.491307999996934,3.1589825731240233,10.16634100000374,88
4259,790,18.315060000000813,3.066854912303721,11.851281000002928,88
4262,791,24.68097800000396,3.1677376052849864,7.170302999998967,88
4283,792,11.935849000001326,3.473763442454592,15.23445399999764,89.76
4286,793,25.983101999998325,3.6305971023010755,9.251351999999315,89.76
4297,794,14.803906000001007,3.7284406584071954,14.447445999998308,88
4301,795,25.832828999999037,3.8599649297566856,8.61461699999927,89.76
4312,796,17.718011999997543,3.7613413716470463,10.896605000001728,88
4315,797,20.311436000003596,3.5457222859193305,10.585168999998132,88
4329,798,20.442207000000053,3.3517525805493755,10.142961999998079,89.76
4331,799,18.444400000000314,3.23949304426502,11.698561999997764,89.76
4346,800,18.931700000001,3.103793478998394,12.766861999996763,89.76
4349,801,23.4027569999962,3.122478699060757,9.364105000000563,89.76
4372,802,17.31242100000236,3.095297467869312,12.051683999998204,89.76
4375,803,11.607229000001098,3.4263895636274113,20.444454999997106,89.76
4380,804,29.6670329999979,3.816429778400567,10.777421999999206,88
4383,805,10.810127999997349,4.152269917250697,19.967294000001857,89.76
4397,806,30.151299000004656,4.52720923492282,9.815994999997201,88
4398,807,11.253642999996373,4.79090597024037,18.56235200000083,89.76
4403,808,23.395936000000802,4.703720347100397,15.166416000000027,88
4405,809,10.82288200000039,4.9833077004065975,24.343533999999636,89.76
4418,810,30.446953999999096,5.324785594131129,13.89658000000054,89.76
4420,811,11.37380700000358,5.531123556997709,22.52277299999696,89.76
4429,812,30.012027999997372,5.811180084685188,12.510744999999588,89.76
4431,813,11.217147999996087,5.996909579392608,21.2935970000035,89.76
4438,814,29.293274000003294,6.202932355680776,12.000323000000208,89.76
4440,815,20.317415999998047,5.835087583450606,11.68290700000216,88
4445,816,22.223582999999053,5.609368546984884,9.459324000003107,88
4447,817,18.279417000005196,5.366319450298004,11.179906999997911,88
4456,818,13.813834000000497,5.4175598596543475,17.366072999997414,89.76
4459,819,20.58575099999871,5.11557180592587,16.780321999998705,89.76
4465,820,27.06797699999879,5.237597130555428,9.712344999999914,88
4467,821,20.01834200000303,4.911393684895903,9.694002999996883,88
4480,822,15.85770799999591,4.863324829590165,13.836295000000973,88
4483,823,20.486133999998856,4.589750402740708,13.350161000002117,88
4492,824,23.170920000004116,4.501073502569671,10.179240999998001,88
4493,825,8.323171999996703,4.949558158659273,21.8560690000013,89.76
4504,826,29.156730000002426,5.21250639874322,12.699338999998872,89.76
4507,827,15.8097259999995,5.1486168738218,16.889612999999372,89.76
4520,828,28.143839999997,5.335818319207751,8.745773000002373,89.76
4522,829,8.08763600000384,5.7468524242570265,20.658136999998533,89.76
4541,830,32.456546000001254,6.1662082727410406,8.20159099999728,88
4543,831,9.227562000000034,6.454097630694723,18.974028999997245,89.76
4552,832,28.970152999994752,6.611351091275975,10.003876000002492,88
4554,833,9.482331999999587,6.855495898071252,20.521544000002905,89.76
4556,834,26.47214000000531,6.831536154442131,14.049403999997594,88
4561,835,13.258848999998008,6.825887082289622,20.790554999999586,89.76
4574,836,30.36907699999574,7.047336452146254,10.421478000003844,88
4575,837,7.207486000006611,7.4064100488867,23.213991999997234,89.76
4580,838,32.83893299999909,7.7459427333312245,10.375058999998146,88
4591,839,7.990386999998009,8.012422124998148,22.384672000000137,89.76
4594,840,35.350266000001284,8.471037367185843,7.034405999998853,88
4595,841,1.8394289999996545,9.07663321923675,25.1949769999992,89.76
4603,842,37.14103299999988,9.580658205534446,8.05394399999932,88
4604,843,6.836710999996285,9.804572630188776,21.217233000003034,89.76
4611,844,30.436413000003085,9.84406265330217,10.780819999999949,88
4613,845,10.301417000002402,9.834970174970636,20.479402999997546,89.76
4619,846,37.09070499999507,10.288453601534663,3.388698000002478,88
4621,847,13.095362000000023,10.076965126438745,10.293336000002455,88
4630,848,30.32448700000532,10.092435243536656,-0.031151000002864748,88
4631,849,2.7300299999988056,10.541031165815689,17.23881899999833,89.76
4637,850,38.15214500000002,11.016725780452209,-0.913326000001689,88
4638,851,10.183915000001434,10.941685731673855,8.902758999996877,88
4649,852,23.824398999997356,10.496855310944074,5.07835999999952,88
4651,853,14.203434000002744,10.203087229009897,10.874925999996776,88
4661,854,15.178721999996924,9.866724152196971,15.696203999999852,89.76
4664,855,26.726653999998234,9.67046976768455,8.969550000001618,88
4671,856,23.784904000000097,9.302621907204271,5.184646000001521,88
4672,857,0.3740570000009029,9.947829475503948,24.81058900000062,89.76
4684,858,38.22656899999856,10.465250695784862,6.584020000002056,88
4686,859,12.105311999999685,10.304590527298327,14.47870800000237,88
4695,860,32.76040099999955,10.458078681842153,1.7183070000028238,86.24
4697,861,14.618807999999262,10.140773264227064,7.099499000003561,88
4713,862,20.963678000000073,9.567204810212878,6.135821000003489,88
4715,863,14.266709000003175,9.327585197074376,11.869112000000314,88
4725,864,30.711952999998175,9.414108184757113,1.1571590000021388,88
4728,865,11.097054999998363,9.382160485709896,10.060104000003776,88
4737,866,27.955911000004562,9.293019892853312,2.1041929999992135,88
4740,867,14.723851999995532,9.041965399550259,7.380341000003682,88
4745,868,16.378285000006144,8.703199749577983,11.002055999997538,88
4749,869,21.241698999998334,8.236855952729256,9.760356999999203,88
4757,870,25.35439000000042,8.056701830683703,4.405966999998782,88
4759,871,13.119429999998829,7.983193591266045,11.286536999999953,89.76
4775,872,34.38150499999756,8.383088054311765,-3.094967999997607,88
4776,873,4.300897000000987,8.840338988417217,12.604135000001406,88
4778,874,30.612692000002426,8.951111051641293,1.9914429999989807,88
4781,875,15.536812999998801,8.670615798413786,6.454630000000179,88
4792,876,25.574055999997654,8.477080811012778,0.8805740000025253,88
4796,877,14.131888000003528,8.31402026032426,6.748685999998997,88
4805,878,24.772783000000345,8.092692931554016,1.9759029999986524,88
4807,879,8.387991999996302,8.312650123332121,13.58791100000235,88
4815,880,34.783039000001736,8.717049428123971,-1.1951279999993858,86.24
4817,881,11.315295000000333,8.715027901366202,7.489577000000281,88
4827,882,32.53547599999729,8.953805907530645,-5.045898999997007,86.24
4829,883,5.38728500000434,9.30748772580971,9.566815999998653,88
4841,884,32.03166400000191,9.477748742946721,-2.4648480000032578,86.24
4842,885,0.001472999996622093,10.135297384012762,17.53367900000012,88
4852,886,33.52818600000319,10.347352922512163,4.005492999996932,88
4855,887,17.237569999997504,9.87329523985531,6.767922999999428,88
4863,888,26.659213999999338,9.672415162364311,0.10870900000008987,86.24
4864,889,6.886114000000816,9.887507089716491,13.222594999999274,88
4875,890,27.94108799999958,9.765855896609185,5.281506999999692,88
4877,891,20.077369999999064,9.160325528071052,5.204137000000628,88
4889,892,22.909286000001885,8.76963555756673,2.2948509999987436,88
4890,893,8.409790999998222,8.94592139771892,13.885060000000522,88
4894,894,27.565037000000302,8.859616122861507,6.320023000000219,88
4895,895,9.064556999997876,8.989355302682796,17.255466000002343,88
4906,896,31.34838000000309,9.136794346265315,5.9070859999992535,89.76
4913,897,12.58825899999647,9.028978512123954,13.318827000002784,89.76
4931,898,24.577633000000787,8.750769417616256,8.741194000001997,89.76
4932,899,14.422265000001062,8.552454766515174,14.318929000000935,88
4935,900,25.004045000001497,8.330679156108069,9.314883999999438,89.76
4944,901,18.71084900000278,7.890583646351141,10.604034999996657,89.76
4959,902,24.69455399999424,7.690831793453834,5.909481000002415,89.76
4960,903,11.609172000004037,7.734581556362717,14.300308999998379,89.76
4971,904,25.80022199999803,7.6136840840899245,8.500087000000349,88
4973,905,20.680664999999863,7.1803703913342956,7.819422000000486,88
4999,906,14.51873599999817,7.074176241876017,13.300686000002315,89.76
5001,907,19.639219000004232,6.654589039258501,13.661466999998083,88
5006,908,21.394330999995873,6.325822911804587,12.26713600000221,89.76
5009,909,20.898057999998855,5.986587604816728,11.369078000003356,88
5024,910,22.920983000003616,5.7949873170159085,8.44809499999974,89.76
5025,911,13.807663999999932,5.8198216097024185,14.640430999999808,89.76
5033,912,28.13025000000198,5.964223384096141,6.510180999997829,89.76
5034,913,15.284017999998468,5.886208297590228,11.22616299999936,88
5046,914,19.807377999997698,5.530359153990982,11.418785000001662,89.76
5048,915,15.462436000001617,5.468309456866445,15.956349000000046,89.76
5061,916,22.26538199999777,5.268126490812152,13.690967000002274,89.76
5064,917,23.945772999999463,5.185479397636359,9.745194000002812,89.76
5070,918,18.615856000003987,4.947895935283838,11.129337999998825,89.76
5072,919,16.925688999996055,4.8307968768288445,14.20364900000277,89.76
5081,920,26.05184200000076,4.9071121970270895,8.151807000002009,89.76
5082,921,16.00161300000036,4.850316872212874,12.150194000001648,89.76
5091,922,21.827668999998423,4.661401380199471,10.322525000003225,89.76
5093,923,14.293150000004971,4.7267419189366935,16.029374999998254,89.76
5103,924,24.896027999995567,4.737322299002873,11.133347000002686,89.76
5105,925,19.12756900000386,4.495766592814952,12.005777999998827,89.76
5120,926,17.288736999995308,4.384235118264311,14.717041000003519,89.76
5124,927,25.870340000001306,4.477116673372873,8.846701000002213,89.76
5131,928,11.808637000001909,4.709257068786949,17.038064000000304,89.76
5133,929,25.679771000002802,4.769914189487939,11.358292999997502,88
5142,930,20.352257999998983,4.49381067764488,11.00603499999852,89.76
5144,931,15.831533999997191,4.473476635292251,15.174501000001328,89.76
5152,932,25.694648000004236,4.549799845586749,9.479852999997092,89.76
5153,933,12.356894999997166,4.743131417737755,17.122957999999926,91.52
5163,934,26.117903999998816,4.829054704129071,11.00505400000111,89.76
5173,935,14.505928999999014,4.870618222621065,16.499125000002095,88
5181,936,24.82775799999945,4.867939458707214,11.671367000002647,89.76
5183,937,20.319405000002007,4.583656055038139,11.35196200000064,89.76
5185,938,17.31641700000182,4.464901489098142,14.03554499999882,89.76
5194,939,19.380183000001125,4.224583708529438,14.655361999997695,89.76
5201,940,22.041255999996793,4.0881257267461475,12.614106000000902,89.76
5203,941,17.574510999998893,3.9842109313245824,15.03959500000201,89.76
5222,942,30.044808999999077,4.362998310616739,4.994786000002932,89.76
5223,943,11.55970299999899,4.617829478703255,13.435083000003942,88
5226,944,22.723156000007293,4.4994123862847575,10.711926999996649,89.76
5229,945,22.844240999998874,4.39596417464189,7.867685999997775,88
5243,946,22.105103999994753,4.252785413726444,5.762582000003022,88
5244,947,10.908995000005234,4.555174137868214,14.853586999997788,89.76
5252,948,21.77297499999986,4.381286691751441,13.080611999997927,89.76
5254,949,14.453466999999364,4.454114586017016,18.627144999998563,89.76
5256,950,27.388511999997718,4.63751442439081,11.238633000000846,89.76
5265,951,19.11654300000373,4.402885835366151,12.122089999997115,89.76
5273,952,20.324029999996128,4.1479573456555245,11.798060000000987,89.76
5275,953,15.360740000003716,4.178663761551822,16.43731999999727,89.76
5282,954,21.615531999996165,4.0184680264545936,14.821788000001106,89.76
5285,955,24.115482000001066,4.024531399801248,10.70630600000004,89.76
5299,956,22.950597000002745,3.9574104998138413,7.755708999997296,88
5300,957,10.904152999995858,4.278562781075735,16.851556000001437,89.76
5309,958,28.518620000002556,4.543566357258661,8.332935999998881,88
5311,959,17.152736999996705,4.437547397430201,11.180199000002176,88
5319,960,21.276969999998983,4.24001131009075,9.903229000003194,89.76
5321,961,22.482856000002357,4.130189103210226,7.420373000000836,88
5328,962,13.687858999997843,4.266561096759721,13.732514000002993,89.76
5330,963,23.0705850000013,4.1918125907123205,10.661929000001692,88
5339,964,22.581536999998207,4.091170366292689,8.080392000003485,88
5340,965,12.510498000003281,4.303566093399191,15.569894000000204,88
5354,966,27.65538199999719,4.513054587561566,7.914512000003015,88
5355,967,10.806566999999632,4.805578238338991,17.107945000003383,89.76
5363,968,30.92127800000162,5.187809473442905,6.186667000001762,88
5366,969,17.133332999997947,5.042738068852851,9.053334000003815,88
5374,970,19.397179999999935,4.765243189549552,9.65615400000388,89.76
5375,971,14.213523000005807,4.829070302702342,15.442630999998073,89.76
5381,972,23.652708999994502,4.755547721283102,11.789922000003571,89.76
5383,973,20.806188000002294,4.508712738703051,10.983734000001277,88
5390,974,17.3305709999986,4.3937575050341975,13.653163000002678,89.76
5392,975,21.589058000005025,4.218463785969874,12.064104999997653,89.76
5406,976,20.176015999997617,3.965810799346608,11.888089000000036,88
5409,977,18.411636999997427,3.817220311887606,13.47645200000261,89.76
5412,978,25.016891999999643,3.8921997923946083,8.459560000002966,88
5414,979,18.95811500000127,3.714055117869866,9.501445000001695,88
5424,980,24.25861900000018,3.7480903605030105,5.242826000001514,88
5426,981,15.076029000003473,3.821582900471355,10.166796999998041,88
5432,982,17.962898999998288,3.7100527816920024,12.203897999999754,89.76
5434,983,19.441750999998476,3.5130650453363477,12.762147000001278,88
5444,984,26.37773500000185,3.6921069175029415,6.384411999999429,88
5445,985,10.179081000002043,4.0751576726588805,16.205330999997386,88
5453,986,21.81124799999816,3.9336633181175853,14.394082999999227,89.76
5456,987,25.07572500000242,4.005042173235387,9.318357999996806,88
5461,988,20.359547999993083,3.7771987874077433,8.958810000003723,88
5466,989,18.021004000001994,3.664811113194635,10.937806000001729,88
5473,990,19.4601610000027,3.4695003561198012,11.477644999999029,88
5475,991,20.508775999995123,3.284455083862009,10.968869000003906,88
5477,992,15.20465900000272,3.3788854536204633,15.764210000001185,89.76
5484,993,28.638026000000536,3.707581737769218,7.126184000000649,88
5491,994,13.077330000000075,3.908524754158637,14.048854000000574,89.76
5494,995,21.724652999997488,3.7720327695235656,12.324201000003086,89.76
5503,996,23.581119000002218,3.7601006589284816,8.743082000000868,89.76
5504,997,17.4666950000028,3.6834259302452765,11.276386999998067,88
5507,998,23.365914999994857,3.663581497104625,7.91047200000321,88
5508,999,11.676229000004241,3.954843341035321,16.23424299999897,88
5527,1000,30.891637000000628,4.388392944720653,5.342605999998341,88
5530,1001,19.284302000000025,4.158849510675611,6.058303999998316,88
5541,1002,16.26535000000149,4.1323370412582925,9.792953999996826,88
5542,1003,15.977834999997867,4.125451288679782,13.815118999998958,88
5548,1004,24.90445599999657,4.1741390831370815,8.910663000002387,88
5550,1005,19.392657000003965,3.9512143279407663,9.518005999998422,88
5556,1006,14.178757000001497,4.068091119944375,15.339248999996926,89.76
5559,1007,28.354041999999026,4.335963049947791,6.985206999997899,88
5573,1008,21.748219999994035,4.174229109325681,5.2369870000038645,88
5576,1009,12.35364600000321,4.391236914992626,12.883341000000655,89.76
5589,1010,21.23816000000079,4.194169607805636,11.645180999999866,89.76
5592,1011,17.621146999998018,4.080712319817907,14.024034000001848,89.76
5598,1012,22.54743800000142,3.984882674829377,11.476596000000427,88
5601,1013,12.244619999997667,4.220538757652687,19.23197600000276,89.76
5607,1014,25.484960000001593,4.299565085299493,13.747016000001167,89.76
5610,1015,13.4717890000029,4.438855454968094,20.275226999998267,89.76
5616,1016,23.068583000000217,4.3532134265326015,17.20664399999805,89.76
5619,1017,19.837371999994502,4.091301837374657,17.369272000003548,89.76
5625,1018,29.23956200000248,4.413068097538896,8.129710000001069,89.76
5626,1019,4.962303000000247,5.0771074039426995,23.16740700000082,89.76
5640,1020,29.247780999998213,5.337774503696169,13.919626000002609,89.76
5642,1021,11.987404999999853,5.5049507847151675,21.932221000002755,89.76
5651,1022,32.308325000005425,5.930161673170809,9.62389599999733,88
5652,1023,9.357122999994317,6.224706381097988,20.266773000003013,89.76
5659,1024,28.761475999999675,6.3832544822793436,11.505297000003338,88
5661,1025,9.519166000005498,6.639353202136541,21.98613099999784,89.76
5670,1026,35.555552999998326,7.196615689502902,6.430577999999514,88
5671,1027,1.5525789999956032,7.8997910214092455,24.87799900000391,89.76
5680,1028,32.551111000000674,8.190498520071209,12.326888000003237,89.76
5682,1029,9.516408000003139,8.333816862566563,22.810480000000098,89.76
5697,1030,36.6364539999995,8.85273168365612,6.174026000000595,89.76
5699,1031,7.5405919999975595,9.078148953427766,18.633434000003035,89.76
5705,1032,28.067633000006026,9.014991706338908,10.565800999997009,88
5706,1033,4.918394999993325,9.394155037193142,25.647406000003684,89.76
5715,1034,38.92107900000701,9.98958778486901,6.726326999996672,89.76
5716,1035,5.734737999999197,10.256817423314747,20.991588999997475,89.76
5723,1036,32.74323399999412,10.412218459357208,8.248355000003357,88
5724,1037,3.2289490000039223,10.809645493147137,25.019405999999435,89.76
5732,1038,34.543000999998185,11.042980212325327,10.47640500000125,89.76
5734,1039,8.747042000002693,11.056103824054826,21.729362999998557,89.76
5745,1040,34.185718000000634,11.25170471005144,7.543644999997923,88
5747,1041,10.51894799999718,11.141038915673402,17.024697000000742,89.76
5751,1042,24.296017000000575,10.713225045943851,12.728680000000168,88
5754,1043,12.467187000002014,10.514449293072234,20.261492999998154,89.76
5759,1044,26.581245000001218,10.268624024755296,13.680247999996936,88
5762,1045,11.99579399999493,10.127097898208406,21.684454000002006,89.76
5768,1046,28.98326900000393,10.055608592070627,12.701184999998077,89.76
5770,1047,11.91653899999801,9.932349367566337,20.784646000000066,89.76
5778,1048,31.5348709999962,10.032506969593204,9.249775000003865,89.76
5779,1049,2.3798530000058236,10.506734471493264,26.86992199999804,89.76
5788,1050,34.261768999997,10.741424129524747,12.608153000001039,89.76
5791,1051,13.172354000002088,10.49681299642932,19.43579899999895,89.76
5800,1052,30.664685999996436,10.507305059152264,8.771113000002515,88
5801,1053,5.322795000000042,10.767923805455245,23.448318000002473,89.76
5808,1054,35.45024399999966,11.060568817614271,7.998074000002816,88
5811,1055,11.182134000002407,10.92039989151323,16.81594000000041,89.76
5815,1056,30.249519999997574,10.8784698982935,6.566420000002836,88
5816,1057,3.5487690000009025,11.2267674671501,23.017651000001933,89.76
5821,1058,37.331279999998515,11.608299500453127,5.686371000003419,89.76
5822,1059,2.906512000001385,11.95112378167472,22.779859000002034,89.76
5829,1060,30.057675000003655,11.83278323282028,12.722183999998379,89.76
5830,1061,11.957903999995324,11.595865280769305,20.764280000003055,89.76
5831,1062,25.14216999999917,11.19250932572117,15.622110000003886,89.76
5832,1063,15.239543000003323,10.79050605536339,20.382567000000563,89.76
