#Delta (ms);Jitter (ms);Skew(ms);IP BW (kbps)
0,00;0,00;0,00;10,40
3,41;0,21;-3,41;20,80
0,43;0,23;-3,84;31,20
0,04;0,21;-3,88;37,78
2,73;0,37;-6,61;48,18
0,49;0,38;-7,10;58,58
0,02;0,36;-7,12;63,47
0,01;0,34;-7,13;73,87
0,35;0,34;-7,47;84,27
0,05;0,32;-7,52;88,61
0,00;0,30;-7,52;99,01
0,00;0,28;-7,52;109,41
0,27;0,28;-7,79;113,70
3,70;0,49;-11,48;124,10
0,21;0,47;-11,69;134,50
0,00;0,44;-11,69;136,52
128,64;5,96;-100,33;143,98
1,49;5,68;-101,81;146,67
0,00;5,32;-101,82;149,43
0,00;4,99;-101,82;152,02
0,34;4,70;-102,15;154,77
58,66;10,74;-0,81;163,30
1,20;10,14;-2,01;167,34
0,00;9,51;-2,01;171,72
6,17;9,30;-8,19;176,43
0,67;8,76;-8,86;180,58
57,47;9,00;3,67;189,53
4,96;8,75;-1,29;196,26
0,03;8,20;-1,33;202,50
0,48;7,72;-1,80;209,49
0,04;7,24;-1,84;215,99
72,41;6,94;-4,25;224,58
0,99;6,56;-5,24;233,02
0,17;6,17;-5,41;241,61
0,24;5,79;-5,65;249,92
0,01;5,43;-5,66;257,20
59,52;5,12;-5,18;266,50
0,26;4,82;-5,44;276,03
0,01;4,52;-5,45;285,72
0,02;4,24;-5,47;295,46
0,01;3,97;-5,48;303,44
61,46;4,26;3,05;312,74
3,56;4,22;-0,50;323,14
0,79;4,00;-1,29;324,78
3,54;3,97;-4,83;335,18
0,00;3,72;-4,83;338,10
0,06;3,49;-4,89;348,50
1,29;3,36;-6,18;350,36
2,51;3,30;-8,70;360,76
0,00;3,10;-8,70;361,72
64,84;3,23;-3,53;371,42
0,07;3,03;-3,60;381,82
0,01;2,84;-3,61;385,30
0,94;2,72;-4,55;395,70
0,00;2,55;-4,55;400,68
2,56;2,55;-7,12;411,08
0,71;2,44;-7,82;414,54
0,47;2,31;-8,29;424,94
0,01;2,17;-8,30;427,74
55,71;2,30;-4,01;436,78
0,17;2,17;-4,18;447,18
0,00;2,03;-4,18;448,74
0,20;1,92;-4,38;459,14
3,73;2,03;-8,10;462,29
0,01;1,91;-8,11;472,69
0,04;1,79;-8,15;474,42
0,01;1,68;-8,16;484,82
0,00;1,57;-8,16;485,74
64,07;1,85;-2,23;495,01
0,67;1,77;-2,90;505,41
0,20;1,67;-3,10;508,92
0,01;1,57;-3,12;519,32
0,00;1,47;-3,12;524,51
0,18;1,39;-3,30;534,91
0,95;1,36;-4,25;539,39
0,22;1,29;-4,47;549,79
0,00;1,21;-4,47;552,37
64,06;1,51;1,46;561,66
0,01;1,41;1,46;572,06
0,56;1,36;0,90;574,96
5,11;1,59;-4,21;585,36
0,01;1,50;-4,22;589,13
0,09;1,41;-4,31;599,53
0,01;1,32;-4,31;602,91
0,17;1,25;-4,48;613,31
0,31;1,19;-4,79;615,07
100,23;1,13;-5,02;624,31
0,32;1,08;-5,34;634,71
0,19;1,02;-5,53;639,58
0,01;0,96;-5,54;649,98
0,09;0,91;-5,63;656,05
0,83;0,90;-6,46;666,45
4,62;1,13;-11,08;671,24
0,01;1,06;-11,09;681,64
0,00;1,00;-11,10;685,09
14,47;1,91;4,44;695,49
9,58;2,39;-5,14;696,13
0,03;2,24;-5,17;706,53
0,07;2,10;-5,24;714,90
0,09;1,98;-5,34;725,30
1,07;1,92;-6,41;734,83
0,22;1,81;-6,63;745,23
0,39;1,73;-7,02;753,55
0,01;1,62;-7,03;763,95
0,01;1,52;-7,04;769,80
68,47;1,52;-5,51;778,74
5,20;1,75;-10,71;789,14
0,62;1,68;-11,33;795,58
0,01;1,57;-11,34;805,98
0,01;1,48;-11,35;812,83
0,01;1,38;-11,36;823,23
0,01;1,30;-11,36;830,49
0,47;1,25;-11,83;840,89
0,00;1,17;-11,84;846,46
89,11;1,78;-0,95;720,34
4,10;1,92;-5,05;721,36
1,59;1,90;-6,65;731,76
0,18;1,79;-6,83;739,29
0,17;1,69;-7,00;749,69
0,01;1,59;-7,00;758,26
0,01;1,49;-7,01;768,66
3,74;1,63;-10,75;776,19
0,50;1,56;-11,25;786,59
0,01;1,46;-11,26;793,25
24,92;1,69;-6,17;803,65
0,58;1,62;-6,75;806,84
0,61;1,55;-7,36;817,24
0,01;1,46;-7,37;827,64
0,00;1,37;-7,37;831,25
0,01;1,28;-7,38;841,65
0,21;1,22;-7,59;852,05
0,01;1,14;-7,60;856,02
0,99;1,13;-8,59;866,42
0,01;1,06;-8,60;876,82
0,00;0,99;-8,60;879,22
0,21;0,95;-8,81;889,62
0,09;0,89;-8,90;900,02
0,00;0,84;-8,90;900,82
72,02;0,91;-10,92;892,97
0,16;0,86;-11,08;897,46
0,28;0,83;-11,36;907,86
0,01;0,78;-11,37;918,26
0,00;0,73;-11,37;922,56
0,38;0,71;-11,75;932,96
0,01;0,66;-11,77;943,36
0,06;0,62;-11,83;949,50
0,53;0,62;-12,36;959,90
0,00;0,58;-12,37;970,30
0,00;0,54;-12,37;974,58
0,00;0,51;-12,37;984,98
0,01;0,48;-12,38;995,38
0,00;0,45;-12,38;999,14
59,45;1,08;-1,83;983,73
2,03;1,14;-3,87;987,95
4,31;1,34;-8,18;998,35
0,16;1,27;-8,34;1008,75
0,00;1,19;-8,34;1010,06
0,32;1,13;-8,66;1020,46
0,00;1,06;-8,66;1030,86
0,01;1,00;-8,66;1036,02
0,17;0,94;-8,83;1046,42
0,12;0,89;-8,95;1056,82
0,01;0,84;-8,96;1059,02
0,01;0,78;-8,96;1069,42
0,17;0,75;-9,13;1079,82
0,00;0,70;-9,14;1081,33
86,45;0,88;-5,59;1056,32
3,01;1,01;-8,60;1060,26
0,35;0,97;-8,95;1070,66
0,01;0,91;-8,96;1081,06
0,06;0,86;-9,03;1083,93
0,06;0,81;-9,08;1094,33
0,01;0,76;-9,09;1104,73
0,01;0,71;-9,10;1110,28
0,21;0,68;-9,31;1120,68
0,01;0,64;-9,32;1131,08
0,00;0,60;-9,32;1132,57
0,24;0,58;-9,56;1142,97
0,00;0,54;-9,56;1153,37
0,00;0,51;-9,56;1154,09
39,00;0,54;-8,56;1123,28
2,03;0,63;-10,59;1124,74
0,53;0,62;-11,12;1135,14
0,00;0,59;-11,13;1141,59
0,01;0,55;-11,14;1151,99
0,01;0,52;-11,14;1159,15
0,73;0,53;-11,87;1169,55
0,00;0,50;-11,87;1174,83
0,01;0,47;-11,88;1185,23
0,00;0,44;-11,89;1190,16
91,44;0,94;-3,33;1154,32
10,20;1,52;-13,53;1155,38
0,10;1,43;-13,63;1165,78
1,10;1,41;-14,72;1169,85
0,10;1,33;-14,83;1180,25
0,01;1,25;-14,83;1186,13
0,01;1,17;-14,85;1196,53
0,00;1,10;-14,85;1200,15
0,01;1,03;-14,86;1210,55
0,05;0,97;-14,91;1215,22
54,01;1,28;-8,93;1167,34
0,41;1,23;-9,34;1167,99
0,01;1,15;-9,35;1178,39
0,00;1,08;-9,35;1183,87
0,24;1,03;-9,59;1194,27
0,01;0,96;-9,59;1199,46
0,10;0,91;-9,70;1209,86
0,00;0,85;-9,70;1215,09
0,34;0,82;-10,04;1225,49
0,00;0,77;-10,05;1230,13
32,73;1,18;-2,78;1240,53
1,08;1,17;-3,86;1218,75
2,23;1,24;-6,09;1213,77
3,84;1,40;-9,92;1194,02
0,06;1,32;-9,99;1204,42
0,04;1,24;-10,02;1214,82
0,00;1,16;-10,02;1215,80
0,48;1,12;-10,51;1226,20
0,20;1,06;-10,71;1235,57
0,07;1,00;-10,77;1245,97
0,11;0,94;-10,88;1254,20
94,84;1,21;-5,72;1206,60
0,00;1,13;-5,72;1209,38
0,17;1,07;-5,89;1219,78
1,55;1,10;-7,44;1230,18
1,16;1,10;-8,60;1233,11
0,25;1,05;-8,85;1243,51
0,30;1,00;-9,16;1253,91
0,00;0,94;-9,16;1260,71
0,06;0,89;-9,22;1271,11
0,31;0,85;-9,53;1281,51
0,00;0,80;-9,53;1284,37
0,19;0,76;-9,72;1294,77
0,17;0,72;-9,89;1305,17
0,28;0,69;-10,17;1306,58
53,55;1,05;-3,72;1250,35
1,94;1,11;-5,65;1251,65
0,29;1,06;-5,94;1262,05
1,09;1,06;-7,04;1268,25
1,79;1,11;-8,82;1278,65
0,00;1,04;-8,83;1286,40
0,00;0,97;-8,83;1296,80
0,29;0,93;-9,12;1302,54
0,00;0,87;-9,12;1312,94
0,00;0,82;-9,12;1317,86
35,67;1,04;-4,79;1267,25
0,98;1,03;-5,77;1275,89
0,33;0,99;-6,10;1281,70
2,22;1,07;-8,32;1292,10
0,39;1,02;-8,71;1300,53
0,01;0,96;-8,71;1310,93
0,22;0,91;-8,94;1317,01
0,00;0,86;-8,94;1327,41
0,22;0,82;-9,16;1331,91
97,82;0,90;-6,99;1289,26
0,09;0,85;-7,07;1299,66
0,01;0,80;-7,08;1304,99
0,01;0,75;-7,09;1315,39
0,88;0,76;-7,97;1321,60
0,01;0,71;-7,98;1332,00
0,01;0,67;-7,99;1337,10
0,01;0,63;-8,00;1347,50
0,07;0,59;-8,06;1350,92
57,53;0,71;-5,60;1256,28
0,25;0,68;-5,84;1266,68
4,47;0,92;-10,31;1272,51
0,01;0,86;-10,32;1282,91
0,01;0,81;-10,32;1289,58
0,01;0,76;-10,33;1299,98
0,01;0,71;-10,34;1306,16
0,04;0,67;-10,38;1316,56
0,42;0,65;-10,80;1321,15
59,00;1,30;0,19;1253,95
0,01;1,22;0,18;1264,35
6,59;1,55;-6,41;1270,94
0,01;1,46;-6,42;1281,34
0,05;1,37;-6,46;1289,86
0,01;1,28;-6,47;1300,26
0,24;1,22;-6,72;1307,31
0,01;1,14;-6,73;1317,71
0,01;1,07;-6,74;1323,09
67,19;1,18;-3,92;1323,09
0,00;1,11;-3,92;1323,94
5,04;1,35;-8,96;1286,02
0,40;1,29;-9,37;1296,42
0,00;1,21;-9,37;1298,62
0,01;1,14;-9,38;1309,02
0,21;1,08;-9,59;1319,42
0,00;1,01;-9,59;1323,14
0,01;0,95;-9,60;1333,54
0,23;0,91;-9,83;1343,58
0,24;0,86;-10,08;1353,98
0,01;0,81;-10,09;1363,21
52,54;1,23;-2,62;1241,45
0,26;1,17;-2,88;1244,86
2,54;1,25;-5,42;1255,26
0,34;1,20;-5,77;1265,66
1,05;1,19;-6,82;1272,09
0,40;1,14;-7,22;1282,49
0,07;1,07;-7,29;1292,89
0,11;1,01;-7,40;1301,30
0,28;0,97;-7,68;1311,70
0,01;0,91;-7,69;1322,10
0,12;0,86;-7,81;1327,22
0,11;0,81;-7,92;1337,62
0,01;0,76;-7,93;1348,02
0,00;0,71;-7,94;1352,02
68,29;0,77;-6,23;1245,85
0,00;0,73;-6,23;1256,25
5,45;1,02;-11,67;1266,65
0,01;0,96;-11,68;1277,05
0,01;0,90;-11,69;1283,72
0,90;0,90;-12,59;1294,12
0,00;0,84;-12,60;1304,52
0,01;0,79;-12,61;1314,92
0,34;0,76;-12,94;1325,32
0,01;0,72;-12,95;1335,72
0,01;0,67;-12,96;1341,26
0,01;0,63;-12,97;1351,66
0,21;0,60;-13,18;1362,06
0,01;0,57;-13,18;1372,46
0,23;0,55;-13,42;1382,86
0,01;0,51;-13,43;1393,26
0,06;0,48;-13,49;1400,42
0,28;0,47;-13,77;1410,82
0,00;0,44;-13,77;1421,22
0,39;0,44;-14,16;1431,62
0,01;0,41;-14,17;1442,02
0,39;0,41;-14,56;1452,42
0,01;0,39;-14,57;1457,92
0,01;0,36;-14,58;1468,32
0,01;0,34;-14,59;1478,72
0,01;0,32;-14,60;1489,12
0,35;0,32;-14,94;1499,52
0,01;0,30;-14,95;1508,18
61,23;0,83;-6,18;1410,58
0,01;0,78;-6,20;1417,08
0,00;0,73;-6,20;1427,48
0,45;0,71;-6,65;1430,23
0,01;0,67;-6,66;1440,63
0,00;0,63;-6,66;1443,20
0,48;0,62;-7,14;1453,60
0,00;0,58;-7,15;1454,88
0,01;0,54;-7,16;1465,28
0,00;0,51;-7,16;1466,75
53,56;0,88;-0,72;1477,15
2,12;0,96;-2,84;1483,69
2,08;1,03;-4,92;1494,09
0,13;0,97;-5,06;1504,49
0,02;0,91;-5,08;1505,46
0,09;0,86;-5,16;1515,86
0,09;0,81;-5,26;1526,26
0,00;0,76;-5,26;1528,61
0,08;0,72;-5,34;1539,01
0,15;0,68;-5,49;1549,41
0,23;0,66;-5,73;1539,63
0,29;0,63;-6,02;1550,03
0,01;0,59;-6,03;1560,43
0,08;0,56;-6,11;1561,20
70,45;0,56;-6,56;1396,55
0,21;0,53;-6,77;1401,81
0,18;0,51;-6,95;1412,21
0,01;0,48;-6,96;1422,61
2,63;0,61;-9,58;1429,53
0,05;0,58;-9,63;1439,93
0,01;0,54;-9,64;1450,33
0,14;0,52;-9,78;1458,36
0,01;0,49;-9,79;1468,76
0,11;0,46;-9,90;1479,16
0,23;0,45;-10,13;1484,04
0,01;0,42;-10,14;1494,44
0,01;0,40;-10,15;1504,84
0,01;0,37;-10,16;1510,25
60,98;0,91;-1,14;1520,65
1,58;0,95;-2,72;1525,90
3,22;1,09;-5,94;1525,90
0,33;1,05;-6,27;1536,30
0,76;1,03;-7,03;1541,36
0,95;1,02;-7,98;1551,76
0,08;0,97;-8,07;1562,16
0,01;0,91;-8,07;1568,80
0,01;0,85;-8,08;1579,20
2,57;0,96;-10,65;1589,60
0,01;0,90;-10,66;1594,88
0,00;0,84;-10,66;1605,28
0,30;0,81;-10,96;1615,68
0,01;0,76;-10,97;1622,48
50,80;1,29;-1,77;1571,98
0,17;1,22;-1,94;1576,88
2,90;1,32;-4,84;1587,28
0,04;1,24;-4,87;1597,68
0,90;1,22;-5,78;1601,67
0,64;1,18;-6,42;1612,07
0,01;1,11;-6,43;1622,47
0,00;1,04;-6,43;1628,58
1,62;1,08;-8,05;1638,98
0,01;1,01;-8,06;1649,38
0,03;0,95;-8,08;1653,95
0,01;0,89;-8,09;1664,35
1,56;0,93;-9,65;1632,23
0,00;0,87;-9,65;1635,94
57,41;1,61;2,94;1525,59
3,36;1,72;-0,43;1528,18
4,84;1,91;-5,27;1538,58
0,01;1,79;-5,28;1548,98
0,11;1,69;-5,39;1550,94
2,06;1,71;-7,45;1561,34
0,69;1,65;-8,14;1571,74
0,00;1,54;-8,14;1576,20
0,10;1,45;-8,24;1586,60
0,01;1,36;-8,25;1597,00
0,00;1,28;-8,26;1600,57
0,06;1,20;-8,32;1610,97
0,15;1,14;-8,47;1621,29
67,94;1,19;-6,41;1608,11
0,00;1,12;-6,41;1610,06
0,04;1,05;-6,45;1620,46
2,80;1,16;-9,25;1579,53
0,00;1,09;-9,25;1582,14
0,14;1,03;-9,39;1592,54
0,73;1,01;-10,12;1568,88
0,01;0,95;-10,13;1574,56
0,00;0,89;-10,13;1584,96
0,06;0,84;-10,19;1593,94
0,01;0,79;-10,19;1596,60
0,16;0,75;-10,35;1607,00
0,18;0,71;-10,53;1617,40
0,17;0,68;-10,70;1620,04
53,30;1,05;-4,00;1620,04
2,40;1,14;-6,40;1612,08
0,01;1,07;-6,41;1622,48
0,11;1,01;-6,52;1632,88
1,90;1,06;-8,42;1636,71
0,35;1,02;-8,76;1647,11
2,83;1,13;-11,59;1607,90
0,01;1,06;-11,60;1618,30
0,24;1,01;-11,84;1621,65
0,08;0,95;-11,92;1632,05
0,01;0,89;-11,93;1642,45
0,01;0,84;-11,94;1651,82
0,31;0,80;-12,25;1662,22
0,01;0,75;-12,26;1672,62
0,01;0,71;-12,27;1682,10
59,70;1,31;-1,97;1615,74
0,02;1,23;-1,98;1619,86
1,40;1,24;-3,38;1630,26
0,04;1,16;-3,41;1640,66
0,01;1,09;-3,42;1651,06
0,30;1,04;-3,73;1659,54
2,06;1,10;-5,78;1669,94
0,22;1,05;-6,00;1680,34
2,04;1,11;-8,05;1690,74
0,01;1,04;-8,06;1701,14
0,27;0,99;-8,33;1702,47
0,22;0,95;-8,55;1712,87
0,71;0,93;-9,26;1723,27
0,01;0,87;-9,27;1733,67
0,26;0,84;-9,53;1740,33
0,32;0,80;-9,85;1750,73
0,16;0,76;-10,01;1761,13
0,01;0,72;-10,02;1771,53
0,00;0,67;-10,02;1777,83
65,63;0,90;-5,65;1788,23
0,05;0,85;-5,71;1793,15
0,34;0,82;-6,04;1803,55
0,01;0,77;-6,05;1813,95
0,32;0,74;-6,37;1824,35
0,01;0,69;-6,38;1833,38
0,15;0,66;-6,53;1843,78
0,01;0,62;-6,54;1854,18
0,01;0,58;-6,56;1864,58
0,01;0,55;-6,57;1874,98
0,48;0,54;-7,05;1867,07
2,98;0,69;-10,03;1815,81
0,43;0,68;-10,46;1826,21
0,01;0,64;-10,47;1836,61
0,01;0,60;-10,48;1843,36
0,01;0,56;-10,49;1853,76
0,01;0,53;-10,50;1864,16
0,35;0,51;-10,84;1874,56
0,01;0,48;-10,85;1880,32
50,67;1,04;-1,51;1890,72
0,00;0,97;-1,52;1892,74
0,00;0,91;-1,52;1903,14
0,25;0,87;-1,77;1913,54
6,59;1,23;-8,36;1904,83
0,60;1,19;-8,96;1910,24
1,66;1,22;-10,62;1870,76
0,23;1,16;-10,85;1876,57
0,01;1,08;-10,86;1886,97
0,11;1,02;-10,97;1894,08
0,23;0,97;-11,20;1904,48
0,01;0,91;-11,21;1914,88
0,33;0,88;-11,55;1925,28
0,00;0,82;-11,55;1927,54
0,01;0,77;-11,57;1937,94
0,05;0,73;-11,61;1948,34
0,23;0,70;-11,85;1958,74
0,08;0,66;-11,92;1961,58
68,58;0,70;-10,51;1893,39
0,00;0,66;-10,51;1895,85
0,01;0,62;-10,52;1906,25
0,03;0,58;-10,55;1916,65
0,01;0,55;-10,56;1927,05
0,01;0,51;-10,57;1929,22
0,01;0,48;-10,57;1939,62
1,03;0,52;-11,61;1950,02
0,04;0,49;-11,64;1960,42
0,01;0,46;-11,65;1964,11
0,05;0,43;-11,70;1974,51
0,11;0,41;-11,81;1984,91
0,35;0,41;-12,16;1992,70
0,17;0,39;-12,33;2003,10
0,01;0,37;-12,34;2013,50
0,01;0,35;-12,35;2022,38
56,93;1,14;0,72;2032,78
3,27;1,27;-2,55;2039,23
3,88;1,44;-6,43;2038,38
0,45;1,37;-6,87;2048,78
0,01;1,29;-6,88;2059,18
0,24;1,22;-7,13;2069,58
2,27;1,29;-9,40;2039,39
0,01;1,21;-9,41;2049,79
0,01;1,13;-9,42;2060,19
0,01;1,06;-9,43;2070,59
0,33;1,02;-9,75;2056,47
0,01;0,96;-9,76;2066,46
0,01;0,90;-9,77;2076,86
0,01;0,84;-9,78;2087,26
0,01;0,79;-9,79;2097,66
0,41;0,77;-10,21;2078,39
0,00;0,72;-10,21;2080,58
1,63;0,77;-11,84;2090,98
0,00;0,73;-11,84;2101,38
0,32;0,70;-12,16;2111,78
0,01;0,66;-12,17;2122,18
0,00;0,62;-12,17;2124,05
51,33;1,12;-3,51;2120,64
4,02;1,30;-7,53;2071,56
0,29;1,24;-7,82;2056,04
0,33;1,18;-8,14;2041,63
0,01;1,11;-8,15;2052,03
0,05;1,04;-8,20;2062,43
0,09;0,98;-8,29;2072,83
3,05;1,11;-11,34;2073,88
0,01;1,04;-11,35;2084,28
0,01;0,98;-11,35;2094,68
0,19;0,93;-11,54;2105,08
0,01;0,87;-11,55;2115,48
0,01;0,82;-11,56;2125,88
0,38;0,79;-11,94;2132,36
0,00;0,74;-11,94;2142,76
0,03;0,70;-11,97;2153,16
0,34;0,67;-12,31;2163,56
0,01;0,63;-12,32;2173,96
0,01;0,59;-12,33;2184,36
0,00;0,56;-12,33;2184,97
0,01;0,52;-12,34;2195,37
0,01;0,49;-12,35;2205,77
0,03;0,46;-12,37;2216,17
0,42;0,46;-12,80;2226,57
0,01;0,43;-12,81;2236,97
0,00;0,40;-12,81;2238,68
65,83;0,64;-8,63;2228,28
1,75;0,71;-10,38;2236,62
1,39;0,75;-11,77;2219,54
0,28;0,72;-12,06;2229,94
0,01;0,68;-12,07;2240,34
1,22;0,71;-13,29;2162,00
0,33;0,69;-13,62;2144,44
0,01;0,65;-13,63;2146,05
0,02;0,61;-13,65;2156,45
0,32;0,59;-13,96;2146,05
0,34;0,57;-14,31;2135,65
0,01;0,54;-14,32;2146,05
0,01;0,50;-14,33;2156,45
0,01;0,47;-14,33;2162,94
0,01;0,44;-14,34;2173,34
0,10;0,42;-14,44;2183,74
0,04;0,40;-14,48;2194,14
0,01;0,37;-14,49;2204,54
0,13;0,36;-14,63;2167,67
0,35;0,36;-14,98;2159,02
0,33;0,36;-15,31;2169,42
0,00;0,34;-15,31;2179,82
0,21;0,33;-15,52;2190,22
0,02;0,31;-15,54;2199,24
59,17;0,97;-4,70;2209,64
1,21;0,98;-5,91;2217,28
2,46;1,07;-8,37;2161,10
0,45;1,03;-8,82;2171,50
0,01;0,97;-8,83;2181,90
0,01;0,91;-8,84;2192,30
0,01;0,85;-8,85;2202,70
0,32;0,82;-9,17;2206,78
0,01;0,77;-9,18;2217,18
0,13;0,73;-9,31;2227,58
0,39;0,71;-9,70;2237,98
0,01;0,67;-9,71;2248,38
1,17;0,70;-10,89;2258,78
0,48;0,68;-11,37;2265,54
0,07;0,65;-11,44;2275,94
0,01;0,61;-11,45;2286,34
0,11;0,57;-11,56;2296,74
0,33;0,56;-11,89;2307,14
0,01;0,52;-11,90;2316,30
0,01;0,49;-11,91;2326,70
0,01;0,46;-11,92;2337,10
0,01;0,43;-11,93;2347,50
0,25;0,42;-12,18;2357,90
0,01;0,40;-12,19;2368,30
0,29;0,39;-12,48;2369,26
50,32;0,97;-2,80;2369,26
3,84;1,15;-6,64;2281,84
0,01;1,08;-6,65;2292,24
0,12;1,02;-6,77;2302,64
2,45;1,11;-9,22;2313,04
0,00;1,04;-9,22;2323,44
0,00;0,97;-9,22;2327,49
0,01;0,91;-9,23;2337,89
0,15;0,87;-9,38;2348,29
0,09;0,82;-9,47;2358,69
0,17;0,78;-9,64;2369,09
0,10;0,74;-9,74;2376,02
0,01;0,69;-9,75;2386,42
0,11;0,65;-9,86;2396,82
0,01;0,61;-9,87;2407,22
0,06;0,58;-9,93;2417,62
0,28;0,56;-10,22;2419,21
0,12;0,53;-10,33;2429,61
0,36;0,52;-10,70;2440,01
0,00;0,49;-10,70;2450,41
0,18;0,47;-10,88;2459,74
59,89;1,07;-0,77;2470,14
4,52;1,29;-5,29;2477,28
0,01;1,21;-5,30;2487,68
0,10;1,14;-5,41;2498,08
0,08;1,07;-5,49;2508,48
0,34;1,03;-5,83;2518,88
0,00;0,96;-5,84;2525,34
0,01;0,90;-5,85;2535,74
2,02;0,97;-7,87;2509,68
0,45;0,94;-8,32;2520,08
0,00;0,88;-8,32;2530,48
0,29;0,85;-8,61;2540,57
0,17;0,80;-8,78;2550,97
0,16;0,76;-8,94;2561,37
0,01;0,72;-8,95;2571,77
0,01;0,67;-8,96;2582,17
0,31;0,65;-9,27;2585,89
0,01;0,61;-9,28;2596,29
0,01;0,57;-9,29;2606,69
0,01;0,54;-9,30;2617,09
0,40;0,53;-9,70;2599,77
0,01;0,50;-9,71;2603,70
69,29;0,51;-9,01;2474,82
0,24;0,49;-9,24;2480,48
0,01;0,46;-9,25;2490,88
0,07;0,44;-9,32;2501,28
0,52;0,44;-9,84;2511,68
0,00;0,42;-9,84;2514,94
0,19;0,40;-10,04;2525,34
0,01;0,38;-10,05;2535,74
0,01;0,35;-10,06;2546,14
0,20;0,34;-10,26;2551,34
0,67;0,36;-10,92;2535,66
0,31;0,36;-11,23;2528,86
0,02;0,34;-11,25;2539,26
0,09;0,32;-11,33;2540,33
0,01;0,30;-11,35;2550,73
0,08;0,29;-11,43;2561,13
0,01;0,27;-11,44;2571,53
0,10;0,26;-11,54;2572,97
55,40;0,53;-6,94;2516,37
0,49;0,53;-7,43;2519,36
0,12;0,51;-7,55;2529,76
3,60;0,70;-11,15;2490,27
0,05;0,66;-11,20;2497,94
0,54;0,65;-11,74;2508,34
0,01;0,61;-11,75;2518,74
0,37;0,60;-12,12;2527,64
0,01;0,56;-12,13;2538,04
0,01;0,52;-12,14;2548,44
0,29;0,51;-12,42;2554,12
0,01;0,48;-12,43;2564,52
0,01;0,45;-12,44;2574,92
0,41;0,45;-12,85;2580,93
57,26;1,21;-0,11;2580,93
2,67;1,31;-2,78;2580,44
0,24;1,24;-3,02;2590,84
1,23;1,24;-4,25;2601,24
0,56;1,20;-4,80;2611,17
0,01;1,12;-4,81;2621,57
0,01;1,05;-4,82;2631,97
0,11;0,99;-4,93;2642,37
0,44;0,96;-5,37;2622,69
0,12;0,91;-5,49;2631,13
2,46;1,00;-7,95;2631,13
0,02;0,94;-7,97;2639,27
0,16;0,89;-8,13;2649,67
0,01;0,84;-8,14;2649,67
0,32;0,81;-8,46;2616,62
62,85;1,20;-1,31;2616,70
1,68;1,23;-2,99;2621,28
0,01;1,16;-3,00;2631,68
5,42;1,42;-8,42;2619,33
0,12;1,34;-8,55;2629,73
0,17;1,27;-8,72;2638,46
0,12;1,20;-8,84;2648,86
0,01;1,12;-8,85;2659,26
0,08;1,06;-8,94;2669,66
0,18;1,00;-9,12;2679,74
0,01;0,94;-9,13;2690,14
0,31;0,90;-9,44;2677,13
0,01;0,85;-9,45;2687,53
0,01;0,79;-9,46;2692,64
0,26;0,76;-9,73;2703,04
0,01;0,71;-9,74;2713,44
0,01;0,67;-9,75;2723,84
0,14;0,64;-9,88;2728,25
47,24;1,39;2,88;2738,65
5,42;1,65;-2,55;2744,99
6,98;1,98;-9,53;2755,39
0,52;1,89;-10,05;2765,79
0,01;1,77;-10,06;2776,19
0,19;1,67;-10,25;2786,59
0,01;1,57;-10,26;2791,77
0,01;1,47;-10,26;2802,17
0,18;1,39;-10,45;2812,57
0,01;1,30;-10,46;2822,97
0,01;1,22;-10,46;2833,37
0,10;1,15;-10,57;2841,30
0,01;1,08;-10,58;2851,70
0,01;1,01;-10,59;2862,10
0,37;0,97;-10,95;2872,50
0,14;0,92;-11,09;2882,90
0,00;0,86;-11,09;2883,78
0,14;0,82;-11,23;2894,18
0,90;0,82;-12,13;2904,58
0,01;0,77;-12,13;2914,98
0,01;0,72;-12,14;2925,38
0,02;0,68;-12,17;2926,79
65,43;0,92;-7,59;2937,19
0,01;0,87;-7,60;2944,35
0,00;0,81;-7,61;2954,75
0,13;0,77;-7,74;2965,15
0,01;0,72;-7,75;2975,55
0,84;0,73;-8,59;2985,95
0,48;0,71;-9,06;2996,15
0,70;0,71;-9,77;3006,55
0,31;0,69;-10,08;3016,95
2,35;0,79;-12,44;3027,35
0,01;0,74;-12,44;3037,75
0,21;0,71;-12,65;3048,15
0,18;0,68;-12,84;3050,51
0,01;0,64;-12,85;3060,91
0,01;0,60;-12,86;3071,31
0,01;0,56;-12,87;3081,71
0,10;0,53;-12,97;3092,11
0,54;0,53;-13,51;3098,61
0,00;0,50;-13,51;3109,01
0,01;0,47;-13,53;3119,41
0,01;0,44;-13,54;3129,81
0,09;0,42;-13,62;3140,21
0,11;0,40;-13,73;3149,19
53,78;1,39;2,50;3159,59
5,92;1,67;-3,42;3166,81
0,01;1,57;-3,43;3177,21
0,01;1,47;-3,44;3187,61
0,89;1,43;-4,33;3198,01
2,01;1,47;-6,34;3208,41
0,01;1,38;-6,34;3215,46
0,27;1,31;-6,62;3225,86
0,81;1,28;-7,43;3236,26
0,79;1,25;-8,22;3246,66
0,21;1,18;-8,43;3257,06
0,15;1,12;-8,59;3267,46
0,18;1,06;-8,76;3268,40
0,09;1,00;-8,86;3278,80
0,19;0,95;-9,05;3289,20
0,14;0,90;-9,19;3299,60
0,09;0,85;-9,28;3310,00
0,01;0,79;-9,29;3315,86
0,10;0,75;-9,38;3326,26
0,01;0,71;-9,39;3336,66
0,37;0,68;-9,76;3347,06
0,14;0,65;-9,90;3357,46
0,01;0,61;-9,91;3361,78
50,31;1,18;-0,22;3372,18
3,01;1,29;-3,23;3379,36
0,54;1,24;-3,77;3389,76
0,02;1,17;-3,79;3400,16
0,68;1,14;-4,47;3410,56
1,92;1,19;-6,39;3420,96
0,00;1,11;-6,39;3423,26
1,51;1,14;-7,91;3433,66
0,02;1,07;-7,92;3444,06
0,01;1,00;-7,93;3454,46
0,37;0,96;-8,30;3464,86
0,09;0,91;-8,39;3468,95
0,01;0,85;-8,40;3479,35
0,01;0,80;-8,41;3489,75
0,27;0,77;-8,68;3500,15
0,01;0,72;-8,69;3510,55
0,04;0,68;-8,73;3511,67
0,09;0,64;-8,82;3522,07
0,01;0,60;-8,82;3532,47
0,01;0,56;-8,84;3542,87
0,29;0,55;-9,12;3552,34
62,62;0,97;-1,75;3562,74
0,30;0,93;-2,05;3569,14
3,66;1,10;-5,71;3579,54
0,51;1,06;-6,22;3589,94
0,23;1,01;-6,45;3600,34
0,01;0,95;-6,46;3609,80
4,28;1,16;-10,74;3620,20
0,51;1,12;-11,25;3630,60
0,01;1,05;-11,26;3641,00
0,01;0,98;-11,27;3651,40
0,21;0,93;-11,47;3655,57
0,12;0,88;-11,59;3665,97
0,01;0,83;-11,60;3676,37
0,01;0,78;-11,61;3686,77
0,01;0,73;-11,62;3695,22
0,19;0,70;-11,81;3705,62
0,29;0,67;-12,10;3716,02
0,01;0,63;-12,11;3726,42
0,01;0,59;-12,12;3734,98
62,31;1,03;-4,43;3745,38
0,01;0,97;-4,44;3752,41
3,38;1,12;-7,82;3762,81
0,04;1,05;-7,86;3773,21
0,01;0,99;-7,87;3783,61
0,76;0,97;-8,63;3794,01
0,01;0,91;-8,63;3797,43
1,19;0,93;-9,83;3807,83
1,92;0,99;-11,75;3818,23
0,00;0,93;-11,75;3828,63
0,19;0,88;-11,94;3839,03
0,07;0,83;-12,02;3846,28
0,18;0,79;-12,20;3856,68
0,02;0,74;-12,22;3867,08
0,25;0,71;-12,46;3877,48
0,01;0,67;-12,47;3887,88
0,19;0,64;-12,66;3890,28
0,01;0,60;-12,67;3900,68
0,01;0,56;-12,68;3911,08
0,01;0,53;-12,69;3921,48
0,40;0,52;-13,09;3931,88
0,01;0,49;-13,10;3935,48
51,77;0,97;-4,87;3945,88
0,48;0,94;-5,35;3952,64
0,01;0,88;-5,36;3963,04
1,44;0,92;-6,80;3973,44
0,46;0,89;-7,26;3983,84
3,21;1,03;-10,47;3994,24
0,01;0,97;-10,47;3998,42
0,16;0,92;-10,63;4008,82
0,01;0,86;-10,64;4019,22
0,01;0,81;-10,65;4029,62
0,01;0,76;-10,66;4040,02
0,46;0,74;-11,12;4049,62
0,01;0,69;-11,12;4060,02
0,01;0,65;-11,13;4070,42
0,57;0,65;-11,70;4080,82
0,09;0,61;-11,79;4091,22
1,09;0,64;-12,88;4095,50
0,01;0,60;-12,90;4105,90
0,22;0,58;-13,12;4116,30
0,01;0,54;-13,13;4126,70
0,01;0,51;-13,14;4137,10
0,32;0,50;-13,47;4142,98
63,09;0,90;-6,56;4153,38
0,08;0,85;-6,64;4163,78
0,01;0,80;-6,65;4174,18
0,01;0,75;-6,66;4184,58
0,00;0,70;-6,66;4188,28
2,18;0,79;-8,84;4198,68
0,09;0,75;-8,93;4209,08
0,01;0,70;-8,93;4219,48
0,11;0,67;-9,05;4229,88
0,16;0,63;-9,21;4240,28
0,00;0,59;-9,21;4242,26
0,64;0,60;-9,85;4252,66
0,01;0,56;-9,86;4263,06
1,47;0,62;-11,33;4273,46
0,01;0,58;-11,34;4283,86
0,64;0,58;-11,98;4294,26
0,00;0,55;-11,98;4296,92
0,01;0,51;-11,99;4307,32
0,17;0,49;-12,16;4317,72
0,28;0,48;-12,44;4328,12
0,09;0,45;-12,52;4338,52
0,01;0,43;-12,53;4348,92
0,04;0,40;-12,58;4349,93
0,01;0,38;-12,59;4360,33
0,14;0,36;-12,73;4370,73
0,01;0,34;-12,74;4381,13
0,18;0,33;-12,92;4391,53
0,20;0,32;-13,12;4398,75
64,25;0,66;-7,37;4405,94
0,28;0,64;-7,65;4410,86
0,01;0,60;-7,66;4415,11
0,05;0,56;-7,71;4419,22
0,01;0,53;-7,71;4423,90
62,74;0,67;-10,45;4434,30
2,06;0,75;-12,51;4434,92
1,81;0,82;-14,33;4443,52
2,38;0,92;-16,71;4453,35
0,01;0,86;-16,71;4462,53
0,01;0,81;-16,72;4471,90
60,67;1,34;-7,40;4480,62
0,40;1,28;-7,80;4491,02
0,00;1,20;-7,80;4494,02
0,08;1,13;-7,88;4504,42
0,75;1,11;-8,63;4508,57
0,47;1,07;-9,10;4518,97
0,01;1,00;-9,10;4521,77
0,19;0,95;-9,29;4532,17
0,01;0,89;-9,30;4535,20
60,25;1,45;0,45;4545,54
0,04;1,36;0,41;4555,94
3,33;1,48;-2,92;4563,74
3,45;1,60;-6,37;4574,14
0,15;1,51;-6,52;4584,00
0,01;1,42;-6,53;4594,40
0,16;1,34;-6,68;4601,52
0,01;1,26;-6,69;4611,92
0,01;1,18;-6,70;4618,21
50,83;1,68;2,47;4628,61
0,40;1,60;2,07;4630,11
4,64;1,79;-2,57;4640,51
0,07;1,68;-2,65;4650,91
0,35;1,60;-2,99;4655,43
0,83;1,55;-3,82;4665,83
0,85;1,51;-4,67;4676,23
0,01;1,41;-4,68;4683,06
0,08;1,33;-4,75;4693,46
1,44;1,34;-6,20;4703,86
0,29;1,27;-6,49;4707,40
0,01;1,19;-6,49;4717,80
0,01;1,12;-6,51;4728,20
0,00;1,05;-6,51;4730,02
63,01;1,42;0,48;4740,42
6,35;1,73;-5,87;4741,54
0,47;1,65;-6,34;4751,94
0,01;1,55;-6,35;4762,34
0,41;1,48;-6,76;4765,14
0,01;1,38;-6,77;4775,54
0,21;1,31;-6,99;4785,94
0,37;1,25;-7,35;4790,91
0,01;1,17;-7,36;4801,31
0,09;1,11;-7,45;4811,71
0,01;1,04;-7,46;4814,14
0,56;1,01;-8,02;4824,54
0,90;1,00;-8,92;4834,94
0,00;0,94;-8,92;4835,99
70,27;0,90;-9,19;4846,39
0,38;0,86;-9,56;4847,98
0,01;0,81;-9,57;4858,38
0,01;0,76;-9,58;4868,78
0,01;0,71;-9,59;4879,18
0,36;0,69;-9,96;4884,64
0,01;0,65;-9,96;4895,04
0,06;0,61;-10,02;4905,44
0,01;0,57;-10,03;4915,84
0,02;0,54;-10,05;4922,30
0,01;0,51;-10,06;4932,70
0,32;0,50;-10,38;4943,10
0,09;0,47;-10,47;4953,50
0,05;0,44;-10,53;4956,45
0,50;0,45;-11,03;4966,85
0,07;0,42;-11,09;4977,25
0,36;0,42;-11,45;4987,26
50,63;0,98;-2,08;4987,26
0,20;0,93;-2,29;4990,58
0,65;0,91;-2,94;4994,64
4,43;1,13;-7,37;5005,04
0,01;1,06;-7,38;5015,44
0,30;1,02;-7,68;5019,29
0,01;0,95;-7,69;5029,69
0,02;0,89;-7,71;5040,09
0,01;0,84;-7,72;5050,49
1,62;0,89;-9,34;5056,25
0,17;0,84;-9,51;5066,65
0,12;0,80;-9,63;5066,65
0,01;0,75;-9,64;5077,05
0,20;0,71;-9,83;5078,74
0,14;0,68;-9,97;5089,14
0,01;0,64;-9,98;5099,54
0,07;0,60;-10,05;5109,25
60,33;1,17;-0,38;4948,25
2,53;1,25;-2,91;4952,12
1,18;1,25;-4,10;4962,52
0,05;1,17;-4,15;4972,92
0,64;1,14;-4,79;4983,32
0,14;1,08;-4,93;4985,69
0,01;1,01;-4,94;4996,09
1,94;1,07;-6,88;5006,49
0,10;1,01;-6,98;5016,89
0,00;0,95;-6,99;5021,81
0,19;0,90;-7,18;5032,21
0,53;0,88;-7,71;5014,65
0,01;0,82;-7,71;5024,55
0,15;0,78;-7,87;5014,15
0,61;0,77;-8,48;5024,55
0,76;0,77;-9,24;5010,66
65,70;0,99;-4,93;4819,20
0,01;0,93;-4,94;4823,69
0,18;0,88;-5,12;4834,09
0,97;0,89;-6,09;4844,49
1,78;0,94;-7,87;4816,64
0,08;0,89;-7,95;4825,10
0,01;0,83;-7,96;4835,50
0,47;0,81;-8,43;4835,50
0,00;0,76;-8,43;4845,90
0,01;0,71;-8,43;4845,57
0,26;0,68;-8,69;4845,57
0,10;0,65;-8,79;4855,02
0,01;0,61;-8,80;4865,42
0,31;0,59;-9,11;4849,53
0,06;0,56;-9,17;4859,93
0,10;0,53;-9,27;4859,93
0,01;0,50;-9,28;4870,33
0,00;0,46;-9,28;4864,13
55,52;0,72;-4,80;4773,97
0,01;0,67;-4,81;4777,73
1,11;0,70;-5,91;4788,13
1,10;0,72;-7,01;4785,83
2,30;0,82;-9,31;4667,15
2,79;0,94;-12,09;4676,28
1,98;1,01;-14,07;4686,68
0,13;0,95;-14,21;4697,08
0,08;0,90;-14,29;4707,48
0,01;0,84;-14,30;4717,88
0,02;0,79;-14,32;4718,85
0,01;0,74;-14,33;4729,25
0,35;0,72;-14,68;4739,65
0,02;0,68;-14,70;4750,05
0,00;0,63;-14,70;4755,55
0,15;0,60;-14,85;4765,95
0,04;0,57;-14,89;4776,35
0,28;0,55;-15,17;4786,75
0,00;0,52;-15,17;4792,26
57,10;1,29;-2,27;4785,86
0,50;1,24;-2,77;4790,09
2,55;1,32;-5,32;4800,49
0,01;1,24;-5,33;4810,89
1,20;1,24;-6,53;4780,63
1,02;1,22;-7,55;4787,79
0,38;1,17;-7,93;4798,19
0,31;1,12;-8,24;4808,59
0,55;1,08;-8,79;4818,99
0,01;1,01;-8,79;4828,65
0,16;0,96;-8,95;4839,05
1,54;1,00;-10,49;4849,45
0,01;0,94;-10,50;4859,85
0,12;0,88;-10,62;4863,94
0,01;0,83;-10,63;4874,34
0,01;0,78;-10,64;4884,74
0,01;0,73;-10,65;4895,14
0,01;0,69;-10,65;4898,12
61,90;1,15;-2,55;4783,34
0,15;1,09;-2,70;4787,14
0,23;1,03;-2,92;4797,54
5,10;1,29;-8,02;4759,31
0,47;1,24;-8,49;4769,71
0,01;1,16;-8,50;4778,61
0,16;1,10;-8,66;4775,18
0,21;1,04;-8,87;4785,58
0,22;0,99;-9,09;4795,98
0,00;0,93;-9,09;4805,84
0,01;0,87;-9,10;4816,24
0,18;0,83;-9,28;4826,64
0,15;0,79;-9,43;4837,04
0,01;0,74;-9,43;4841,46
0,01;0,69;-9,44;4851,86
0,31;0,67;-9,75;4862,26
0,01;0,63;-9,76;4872,66
0,00;0,59;-9,77;4877,76
59,81;0,56;-9,57;4701,75
0,01;0,53;-9,58;4704,46
0,00;0,49;-9,59;4714,86
0,47;0,49;-10,06;4725,26
0,01;0,46;-10,07;4735,66
0,01;0,43;-10,07;4743,34
0,17;0,42;-10,24;4753,74
0,01;0,39;-10,25;4764,14
0,27;0,38;-10,52;4759,97
0,17;0,37;-10,69;4727,26
0,44;0,38;-11,13;4717,66
0,22;0,37;-11,35;4717,66
0,01;0,34;-11,36;4728,06
0,00;0,32;-11,36;4732,98
0,06;0,31;-11,43;4743,38
0,32;0,31;-11,75;4743,38
0,05;0,29;-11,80;4743,38
0,00;0,27;-11,81;4747,86
62,30;0,74;-4,11;4706,50
0,01;0,69;-4,11;4709,07
0,01;0,65;-4,12;4719,47
2,85;0,79;-6,97;4684,57
0,67;0,78;-7,64;4694,97
0,51;0,76;-8,15;4700,86
0,11;0,72;-8,26;4711,26
0,20;0,69;-8,47;4721,66
0,01;0,65;-8,48;4732,06
0,01;0,61;-8,48;4738,50
0,01;0,57;-8,49;4748,90
0,35;0,56;-8,84;4759,30
0,01;0,52;-8,85;4759,30
0,03;0,49;-8,88;4762,59
0,42;0,49;-9,30;4729,41
0,01;0,46;-9,31;4739,81
0,01;0,43;-9,32;4750,21
0,29;0,42;-9,61;4752,30
63,90;0,78;-3,51;4606,22
1,60;0,83;-5,11;4608,79
0,07;0,78;-5,19;4619,19
0,41;0,76;-5,60;4629,59
0,01;0,71;-5,61;4639,99
0,25;0,68;-5,87;4647,12
0,73;0,69;-6,60;4657,52
2,17;0,78;-8,77;4642,78
0,57;0,77;-9,35;4653,18
0,01;0,72;-9,35;4661,24
0,07;0,68;-9,42;4671,64
0,01;0,64;-9,43;4682,04
0,05;0,60;-9,49;4692,44
0,00;0,56;-9,49;4695,89
0,14;0,54;-9,63;4706,29
1,21;0,58;-10,84;4716,69
0,01;0,54;-10,85;4727,09
0,00;0,51;-10,86;4730,63
55,01;0,79;-5,86;4741,03
4,40;1,01;-10,26;4743,10
0,13;0,96;-10,39;4753,50
0,01;0,90;-10,40;4763,90
0,27;0,86;-10,67;4763,90
0,01;0,81;-10,67;4769,30
0,01;0,76;-10,68;4779,70
0,01;0,71;-10,69;4790,10
0,01;0,67;-10,71;4800,50
0,01;0,63;-10,71;4806,45
0,14;0,60;-10,85;4816,85
0,46;0,59;-11,32;4827,25
0,01;0,55;-11,32;4837,65
0,00;0,52;-11,33;4839,95
0,01;0,49;-11,34;4850,35
0,13;0,46;-11,47;4860,75
0,02;0,44;-11,49;4871,15
0,00;0,41;-11,49;4872,18
65,22;0,68;-6,71;4844,98
0,00;0,64;-6,71;4847,43
0,09;0,60;-6,80;4857,83
0,38;0,59;-7,18;4868,23
0,01;0,55;-7,19;4878,63
0,01;0,52;-7,20;4889,03
0,00;0,49;-7,21;4892,93
0,21;0,47;-7,42;4894,61
0,86;0,50;-8,28;4881,20
0,17;0,47;-8,45;4891,60
0,01;0,45;-8,46;4902,00
0,09;0,42;-8,54;4904,01
0,44;0,42;-8,98;4910,26
0,08;0,40;-9,06;4920,66
0,01;0,38;-9,07;4931,06
0,01;0,36;-9,08;4940,33
0,27;0,35;-9,35;4924,10
0,01;0,33;-9,36;4934,50
0,01;0,31;-9,37;4944,90
0,01;0,29;-9,37;4953,62
63,73;0,66;-3,10;4935,48
0,00;0,62;-3,10;4937,83
2,28;0,73;-5,38;4948,23
2,34;0,83;-7,73;4904,16
0,10;0,78;-7,83;4914,56
0,01;0,73;-7,84;4924,96
0,00;0,69;-7,84;4927,14
0,03;0,65;-7,87;4937,54
0,01;0,61;-7,88;4947,94
0,34;0,59;-8,22;4958,34
0,29;0,57;-8,51;4968,74
0,00;0,54;-8,51;4969,67
0,00;0,50;-8,51;4980,07
0,01;0,47;-8,51;4990,47
0,00;0,44;-8,52;5000,87
0,49;0,44;-9,01;5008,42
0,12;0,42;-9,13;5018,82
0,01;0,40;-9,14;5029,22
0,01;0,37;-9,15;5039,62
0,03;0,35;-9,18;5046,86
58,15;0,45;-7,34;4945,46
0,00;0,42;-7,34;4947,82
2,71;0,56;-10,05;4958,22
0,01;0,53;-10,06;4968,62
0,10;0,50;-10,16;4979,02
0,91;0,53;-11,07;4989,42
0,00;0,49;-11,07;4991,50
0,06;0,47;-11,13;5001,90
0,04;0,44;-11,17;5012,30
0,01;0,41;-11,18;5022,70
0,46;0,42;-11,64;5033,10
0,00;0,39;-11,64;5034,98
1,04;0,43;-12,69;5045,38
0,09;0,41;-12,78;5055,78
0,33;0,40;-13,11;5066,18
0,00;0,38;-13,11;5074,57
0,21;0,37;-13,32;5084,97
0,07;0,35;-13,39;5095,37
0,04;0,33;-13,43;5105,77
0,13;0,32;-13,56;5113,84
57,93;1,05;-1,48;5113,84
6,10;1,37;-7,58;5042,82
0,04;1,29;-7,63;5053,22
0,37;1,23;-8,00;5063,62
0,01;1,15;-8,01;5074,02
3,38;1,29;-11,39;5062,57
0,00;1,21;-11,40;5064,10
0,01;1,14;-11,40;5074,50
0,08;1,07;-11,49;5084,90
0,01;1,00;-11,50;5095,30
0,04;0,94;-11,54;5105,12
0,30;0,90;-11,84;5115,52
0,01;0,85;-11,85;5125,92
0,17;0,81;-12,02;5136,32
0,13;0,76;-12,15;5143,62
0,12;0,72;-12,28;5154,02
0,01;0,68;-12,29;5164,42
0,01;0,64;-12,30;5174,82
0,14;0,61;-12,44;5181,19
57,54;1,35;0,02;5191,59
2,58;1,42;-2,55;5194,21
2,26;1,48;-4,82;5204,61
5,65;1,74;-10,46;5107,90
0,13;1,64;-10,59;5104,95
0,01;1,53;-10,60;5115,35
0,31;1,46;-10,91;5118,42
0,09;1,37;-10,99;5128,82
0,01;1,29;-11,00;5139,22
0,01;1,21;-11,01;5149,62
0,01;1,13;-11,02;5160,02
0,29;1,08;-11,32;5141,98
0,21;1,03;-11,53;5142,38
0,01;0,96;-11,54;5152,78
0,01;0,90;-11,55;5163,18
0,29;0,86;-11,84;5172,06
0,10;0,82;-11,94;5182,46
0,11;0,77;-12,05;5192,86
0,01;0,72;-12,06;5203,26
0,06;0,68;-12,12;5211,64
47,86;1,40;0,02;5222,04
0,01;1,31;0,01;5224,36
1,40;1,32;-1,39;5234,76
2,95;1,42;-4,34;5221,03
6,54;1,74;-10,88;5106,42
0,48;1,66;-11,36;5116,82
0,18;1,57;-11,54;5118,87
0,25;1,49;-11,79;5129,27
0,01;1,39;-11,80;5139,67
0,03;1,31;-11,83;5150,07
0,08;1,23;-11,91;5160,47
0,00;1,15;-11,91;5161,18
0,31;1,10;-12,22;5171,58
0,05;1,04;-12,27;5181,98
0,30;0,99;-12,57;5192,38
0,00;0,93;-12,57;5200,57
0,05;0,87;-12,62;5210,97
0,01;0,82;-12,63;5221,37
0,24;0,78;-12,87;5231,77
0,01;0,73;-12,88;5238,06
53,30;1,73;3,82;5248,46
5,94;2,00;-2,12;5241,40
3,66;2,10;-5,78;5203,96
0,01;1,97;-5,79;5214,36
0,01;1,85;-5,80;5224,76
0,01;1,73;-5,81;5235,16
0,10;1,63;-5,91;5241,01
0,16;1,54;-6,07;5251,41
0,32;1,46;-6,38;5261,81
0,01;1,37;-6,39;5272,21
0,10;1,29;-6,50;5282,61
0,00;1,21;-6,50;5285,99
1,89;1,25;-8,39;5229,57
0,01;1,18;-8,39;5239,97
0,03;1,10;-8,42;5250,37
0,14;1,04;-8,56;5250,37
1,28;1,06;-9,84;5245,64
0,01;0,99;-9,85;5256,04
0,01;0,93;-9,86;5266,44
0,01;0,87;-9,87;5276,84
0,26;0,84;-10,13;5286,75
68,91;0,85;-9,04;5170,14
0,36;0,82;-9,41;5132,66
0,01;0,77;-9,42;5143,06
0,26;0,74;-9,68;5153,46
0,01;0,69;-9,69;5163,86
0,01;0,65;-9,70;5174,26
0,13;0,62;-9,83;5176,39
0,01;0,58;-9,84;5186,79
0,01;0,54;-9,85;5197,19
0,19;0,52;-10,04;5207,59
0,01;0,49;-10,05;5217,99
0,00;0,46;-10,06;5220,06
0,15;0,44;-10,21;5230,46
0,07;0,42;-10,28;5240,86
0,37;0,41;-10,65;5251,26
0,01;0,39;-10,65;5261,66
0,00;0,36;-10,66;5262,64
0,30;0,36;-10,96;5273,04
0,01;0,34;-10,97;5283,44
0,02;0,32;-10,99;5293,84
0,12;0,31;-11,11;5301,78
54,67;0,62;-5,78;5298,02
0,01;0,58;-5,78;5300,70
0,18;0,56;-5,96;5300,70
0,06;0,53;-6,02;5311,10
0,01;0,49;-6,03;5321,50
0,01;0,46;-6,04;5331,90
0,15;0,44;-6,19;5332,44
0,01;0,42;-6,20;5342,84
0,23;0,41;-6,43;5353,24
0,01;0,38;-6,44;5363,64
0,14;0,37;-6,58;5374,04
0,01;0,34;-6,59;5375,69
0,22;0,34;-6,81;5386,09
0,01;0,32;-6,82;5396,49
0,09;0,30;-6,92;5406,89
0,15;0,29;-7,07;5417,29
0,00;0,27;-7,07;5417,83
0,00;0,26;-7,07;5428,23
0,13;0,25;-7,20;5438,63
0,01;0,23;-7,21;5449,03
0,01;0,22;-7,21;5455,94
64,19;0,57;-1,41;5466,34
2,17;0,67;-3,57;5470,05
0,59;0,66;-4,17;5480,45
0,01;0,62;-4,18;5490,85
0,32;0,60;-4,49;5501,25
1,57;0,66;-6,07;5511,65
0,15;0,63;-6,22;5516,94
0,01;0,59;-6,22;5527,34
0,01;0,56;-6,23;5537,74
0,07;0,53;-6,30;5548,14
0,01;0,49;-6,31;5558,54
0,12;0,47;-6,43;5562,22
0,10;0,45;-6,53;5572,62
0,37;0,44;-6,90;5583,02
0,01;0,42;-6,91;5593,42
0,01;0,39;-6,92;5603,82
0,01;0,37;-6,93;5606,42
0,07;0,35;-6,99;5616,82
0,01;0,33;-7,01;5627,22
0,35;0,33;-7,35;5637,62
0,00;0,31;-7,36;5648,02
0,00;0,29;-7,36;5649,94
58,39;1,00;4,24;5660,34
5,79;1,30;-1,54;5663,03
0,88;1,27;-2,43;5673,43
0,53;1,22;-2,95;5683,83
0,01;1,15;-2,96;5694,23
2,40;1,23;-5,36;5700,94
1,78;1,26;-7,14;5711,34
0,01;1,18;-7,15;5721,74
0,01;1,11;-7,16;5732,14
0,16;1,05;-7,32;5738,70
0,01;0,98;-7,33;5749,10
0,31;0,94;-7,64;5759,50
0,01;0,88;-7,65;5769,90
0,01;0,83;-7,66;5776,72
0,09;0,78;-7,75;5787,12
0,01;0,73;-7,76;5797,52
0,19;0,70;-7,95;5807,92
0,16;0,67;-8,10;5812,38
59,30;0,67;-7,41;5822,78
0,01;0,63;-7,41;5825,86
0,01;0,59;-7,42;5836,26
1,65;0,66;-9,07;5846,66
1,15;0,69;-10,22;5857,06
0,01;0,64;-10,23;5867,46
0,01;0,60;-10,24;5871,83
0,18;0,58;-10,42;5882,23
0,46;0,57;-10,88;5892,63
0,01;0,53;-10,89;5903,03
0,01;0,50;-10,89;5913,43
0,01;0,47;-10,90;5917,36
0,32;0,46;-11,22;5927,76
0,02;0,43;-11,24;5938,16
0,00;0,41;-11,24;5948,56
0,04;0,38;-11,28;5958,96
0,07;0,36;-11,35;5961,10
0,16;0,35;-11,51;5971,50
0,01;0,33;-11,52;5981,90
0,01;0,31;-11,53;5992,30
0,26;0,31;-11,79;6002,14
60,09;0,91;-1,88;6012,54
5,31;1,18;-7,18;6016,22
0,01;1,11;-7,19;6026,62
0,17;1,05;-7,36;6037,02
1,46;1,08;-8,82;6047,42
0,19;1,02;-9,02;6057,82
0,07;0,96;-9,09;6063,12
0,01;0,90;-9,10;6073,52
0,01;0,85;-9,11;6083,92
0,91;0,85;-10,02;6094,32
0,12;0,81;-10,15;6104,72
0,23;0,77;-10,38;6110,27
0,01;0,72;-10,39;6120,67
0,01;0,68;-10,40;6131,07
0,19;0,65;-10,59;6141,47
0,36;0,63;-10,95;6151,87
0,01;0,59;-10,95;6155,08
0,22;0,57;-11,17;6165,48
0,01;0,53;-11,18;6175,88
0,08;0,50;-11,27;6186,28
0,37;0,50;-11,63;6196,68
0,01;0,47;-11,64;6198,96
65,85;0,70;-7,50;6209,36
0,33;0,67;-7,82;6219,76
0,01;0,63;-7,83;6230,16
0,08;0,60;-7,91;6240,56
0,19;0,57;-8,11;6245,94
0,01;0,54;-8,11;6256,34
0,01;0,50;-8,12;6266,74
0,01;0,47;-8,13;6277,14
0,01;0,44;-8,14;6287,54
0,57;0,45;-8,71;6297,94
0,60;0,46;-9,31;6300,70
0,00;0,43;-9,31;6311,10
0,01;0,41;-9,32;6321,50
0,95;0,44;-10,28;6331,90
0,01;0,41;-10,29;6342,30
0,01;0,39;-10,30;6352,70
0,01;0,36;-10,31;6355,65
0,44;0,37;-10,75;6366,05
0,01;0,35;-10,76;6376,45
0,00;0,33;-10,77;6386,85
0,17;0,32;-10,94;6397,25
0,01;0,30;-10,95;6406,87
0,13;0,29;-11,08;6417,27
0,19;0,28;-11,27;6427,67
0,01;0,26;-11,28;6438,07
0,49;0,28;-11,77;6448,47
0,30;0,28;-12,07;6454,09
92,15;0,75;-4,22;6461,52
0,01;0,71;-4,22;6467,47
2,13;0,79;-6,36;6472,87
0,87;0,80;-7,23;6478,66
0,00;0,75;-7,23;6483,57
23,91;1,08;-1,14;6492,16
0,23;1,03;-1,36;6502,44
7,27;1,42;-8,63;6511,86
0,01;1,33;-8,64;6520,37
0,01;1,25;-8,65;6530,21
59,49;1,83;1,86;6539,02
1,69;1,82;0,17;6549,42
0,01;1,71;0,16;6554,46
0,01;1,60;0,15;6564,86
0,84;1,55;-0,69;6571,08
0,16;1,47;-0,85;6581,48
0,23;1,39;-1,08;6586,55
0,08;1,31;-1,16;6596,95
0,68;1,27;-1,84;6601,70
103,22;1,39;-5,06;6609,87
0,09;1,31;-5,15;6620,27
0,28;1,24;-5,43;6630,43
3,22;1,37;-8,65;6640,83
0,83;1,33;-9,48;6650,06
0,10;1,26;-9,58;6660,46
0,01;1,18;-9,59;6667,91
0,15;1,11;-9,74;6678,31
0,01;1,05;-9,75;6686,50
25,25;1,28;-5,00;6696,12
0,01;1,20;-5,01;6706,52
5,22;1,45;-10,24;6716,92
0,22;1,37;-10,46;6722,48
0,01;1,29;-10,47;6732,88
0,26;1,22;-10,72;6743,28
0,01;1,15;-10,73;6749,39
0,05;1,08;-10,78;6759,79
0,01;1,01;-10,79;6770,19
0,04;0,95;-10,84;6774,40
0,01;0,89;-10,85;6784,80
0,01;0,84;-10,86;6795,20
1,35;0,87;-12,21;6799,98
57,95;1,57;-0,16;6810,38
0,76;1,52;-0,92;6811,45
4,40;1,70;-5,32;6821,85
0,49;1,62;-5,81;6832,25
0,01;1,52;-5,82;6842,65
0,07;1,43;-5,89;6848,09
0,07;1,35;-5,96;6858,49
1,47;1,35;-7,43;6868,89
0,01;1,27;-7,44;6879,29
0,01;1,19;-7,44;6885,38
1,32;1,20;-8,77;6895,78
0,01;1,12;-8,78;6906,18
0,01;1,05;-8,79;6916,58
0,17;1,00;-8,96;6919,64
0,01;0,94;-8,97;6930,04
0,79;0,93;-9,76;6940,44
0,01;0,87;-9,76;6950,84
0,00;0,82;-9,77;6953,38
97,05;0,95;-6,82;6963,78
0,00;0,89;-6,82;6964,65
1,22;0,91;-8,04;6975,05
0,15;0,86;-8,19;6985,45
0,43;0,84;-8,63;6994,93
0,01;0,78;-8,63;7005,33
0,04;0,74;-8,67;7015,73
0,24;0,71;-8,92;7025,58
0,01;0,66;-8,93;7035,98
0,22;0,64;-9,14;7046,38
0,00;0,60;-9,15;7054,18
0,01;0,56;-9,15;7064,58
0,01;0,52;-9,16;7074,98
0,17;0,50;-9,33;7080,81
35,98;0,84;-15,30;7091,21
0,00;0,79;-15,31;7092,73
0,01;0,74;-15,32;7103,13
0,16;0,71;-15,48;7113,53
0,33;0,68;-15,81;7123,93
0,40;0,67;-16,21;7129,57
0,01;0,62;-16,22;7139,97
0,21;0,60;-16,42;7150,37
0,01;0,56;-16,43;7160,77
0,20;0,54;-16,63;7166,64
0,02;0,51;-16,65;7177,04
0,00;0,47;-16,65;7187,44
0,35;0,47;-17,00;7197,84
0,00;0,44;-17,00;7201,38
0,00;0,41;-17,01;7211,78
0,01;0,39;-17,02;7222,18
0,17;0,37;-17,19;7232,58
0,09;0,35;-17,28;7235,73
56,11;1,20;-3,39;7246,13
2,63;1,29;-6,02;7247,43
0,11;1,22;-6,13;7257,83
3,28;1,35;-9,42;7268,23
0,01;1,26;-9,43;7278,63
0,06;1,19;-9,49;7283,29
0,01;1,11;-9,49;7293,69
0,04;1,05;-9,54;7304,09
0,11;0,99;-9,65;7314,49
0,01;0,93;-9,66;7318,90
0,14;0,88;-9,80;7329,30
0,01;0,82;-9,81;7339,70
0,39;0,80;-10,19;7350,10
0,00;0,75;-10,20;7351,77
0,01;0,70;-10,21;7362,17
0,01;0,66;-10,22;7372,57
0,34;0,64;-10,56;7382,97
0,18;0,61;-10,73;7384,98
