Delta (ms),Jitter (ms),Skew(ms),IP BW (kbps)
"0,00","0,00","0,00","1,04"
"19,96","0,00","0,04","2,23"
"19,22","0,05","0,82","3,34"
"19,98","0,05","0,85","4,44"
"20,07","0,05","0,78","5,57"
"19,43","0,08","1,35","6,63"
"20,17","0,09","1,18","7,68"
"19,53","0,11","1,65","8,72"
"21,36","0,19","0,28","9,86"
"20,18","0,19","0,10","10,97"
"19,32","0,22","0,78","12,20"
"19,69","0,23","1,09","13,41"
"20,77","0,26","0,32","14,70"
"19,20","0,29","1,13","15,85"
"19,87","0,28","1,26","16,98"
"19,85","0,28","1,41","18,14"
"20,00","0,26","1,41","19,22"
"20,97","0,30","0,43","20,39"
"19,60","0,31","0,84","21,57"
"19,65","0,31","1,19","22,74"
"20,14","0,30","1,05","23,90"
"20,00","0,28","1,05","24,96"
"19,55","0,29","1,50","25,98"
"21,22","0,35","0,28","26,92"
"18,56","0,42","1,73","27,90"
"20,25","0,41","1,48","28,90"
"20,55","0,42","0,92","29,88"
"20,48","0,42","0,45","30,86"
"19,31","0,44","1,13","31,98"
"19,32","0,45","1,81","33,04"
"20,58","0,46","1,24","34,07"
"19,52","0,46","1,71","35,04"
"20,49","0,46","1,22","36,06"
"20,11","0,44","1,11","37,09"
"19,80","0,43","1,31","38,07"
"19,80","0,41","1,52","39,06"
"20,27","0,40","1,24","40,22"
"19,80","0,39","1,44","41,26"
"19,29","0,41","2,16","42,36"
"20,41","0,41","1,74","43,45"
"20,21","0,40","1,53","44,63"
"20,43","0,40","1,11","45,79"
"19,20","0,43","1,91","46,97"
"20,48","0,43","1,43","48,14"
"20,91","0,46","0,52","49,39"
"19,79","0,44","0,72","50,58"
"20,39","0,44","0,33","51,71"
"19,74","0,43","0,59","52,86"
"20,61","0,44","-0,02","54,06"
"18,52","0,51","1,47","55,17"
"20,45","0,50","1,02","56,28"
"20,30","0,49","0,72","56,36"
"18,72","0,54","2,00","56,21"
"20,67","0,55","1,33","56,10"
"20,12","0,52","1,21","56,08"
"19,32","0,53","1,89","56,02"
"20,60","0,53","1,29","56,02"
"19,73","0,52","1,56","54,98"
"19,61","0,51","1,94","56,00"
"21,29","0,56","0,65","55,90"
"19,53","0,55","1,12","55,93"
"20,04","0,52","1,08","54,66"
"19,77","0,50","1,31","55,81"
"21,27","0,55","0,04","54,50"
"18,54","0,61","1,50","55,62"
"20,62","0,61","0,89","54,46"
"19,75","0,58","1,14","54,44"
"19,67","0,57","1,46","55,55"
"20,64","0,57","0,83","54,31"
"19,82","0,55","1,00","54,14"
"19,63","0,54","1,37","55,14"
"20,58","0,54","0,79","53,91"
"19,82","0,52","0,97","53,90"
"20,20","0,50","0,77","55,02"
"19,17","0,52","1,60","54,25"
"10,93","1,05","10,67","55,35"
"28,80","1,54","1,87","55,50"
"20,98","1,50","0,90","55,59"
"19,61","1,43","1,28","55,66"
"10,24","1,95","11,04","55,62"
"39,73","3,06","-8,69","54,62"
"11,60","3,40","-0,29","54,68"
"29,81","3,80","-10,10","54,88"
"0,02","4,81","9,88","56,01"
"29,09","5,08","0,80","55,06"
"29,63","5,36","-8,84","55,18"
"19,35","5,07","-8,19","55,19"
"10,19","5,36","1,62","56,34"
"21,38","5,11","0,25","55,39"
"28,85","5,35","-8,61","55,43"
"19,74","5,03","-8,35","55,30"
"9,97","5,34","1,68","56,44"
"21,34","5,09","0,34","55,29"
"29,31","5,36","-8,97","55,25"
"20,43","5,05","-9,40","55,16"
"9,97","5,36","0,63","55,11"
"18,74","5,10","1,89","56,21"
"30,10","5,42","-8,21","54,90"
"21,03","5,14","-9,24","54,74"
"9,76","5,46","1,00","54,74"
"20,84","5,17","0,16","54,74"
"18,81","4,92","1,34","56,06"
"31,26","5,32","-9,91","55,09"
"9,37","5,65","0,72","55,22"
"19,76","5,31","0,95","55,35"
"20,85","5,03","0,10","55,44"
"28,63","5,26","-8,52","55,46"
"10,40","5,53","1,07","55,54"
"19,58","5,21","1,49","55,70"
"20,82","4,93","0,67","56,87"
"29,24","5,20","-8,57","55,86"
"9,89","5,51","1,54","57,03"
"21,33","5,25","0,21","55,90"
"19,85","4,93","0,35","57,12"
"29,43","5,21","-9,07","56,12"
"10,63","5,47","0,30","56,20"
"19,57","5,16","0,72","56,30"
"20,03","4,84","0,69","56,34"
"28,98","5,09","-8,29","56,37"
"10,75","5,35","0,96","56,58"
"19,33","5,06","1,63","57,77"
"21,00","4,81","0,63","56,91"
"29,49","5,10","-8,85","57,02"
"10,99","5,34","0,15","57,02"
"19,17","5,06","0,98","56,99"
"20,76","4,79","0,23","57,01"
"29,42","5,08","-9,20","57,06"
"9,66","5,41","1,15","58,16"
"19,91","5,08","1,23","57,14"
"19,84","4,77","1,39","57,20"
"30,22","5,11","-8,83","57,26"
"10,14","5,41","1,03","58,50"
"19,95","5,07","1,08","58,66"
"19,90","4,76","1,18","57,49"
"30,19","5,10","-9,01","57,61"
"10,25","5,39","0,73","58,80"
"19,83","5,07","0,90","58,90"
"20,33","4,77","0,56","57,82"
"18,81","4,55","1,76","59,04"
"20,31","4,28","1,45","59,01"
"20,20","4,03","1,25","58,99"
"19,63","3,80","1,62","57,93"
"20,72","3,61","0,90","59,14"
"19,32","3,42","1,57","59,04"
"20,91","3,27","0,66","59,04"
"19,81","3,07","0,86","59,08"
"20,41","2,91","0,44","58,07"
"19,09","2,78","1,35","59,29"
"21,03","2,67","0,31","59,54"
"19,37","2,55","0,95","58,59"
"19,77","2,40","1,18","59,80"
"20,14","2,26","1,04","58,54"
"19,72","2,14","1,33","59,72"
"19,88","2,01","1,45","59,76"
"20,54","1,92","0,91","58,59"
"19,49","1,83","1,41","59,80"
"20,31","1,73","1,10","59,81"
"19,59","1,65","1,51","59,90"
"20,01","1,55","1,50","59,95"
"20,63","1,49","0,87","60,00"
"19,46","1,43","1,40","60,06"
"20,58","1,38","0,82","58,84"
"19,89","1,30","0,93","60,02"
"20,12","1,23","0,82","60,02"
"19,83","1,16","0,98","59,97"
"20,18","1,10","0,80","59,81"
"19,52","1,06","1,28","59,66"
"19,52","1,02","1,76","59,59"
"20,33","0,98","1,43","59,57"
"20,22","0,93","1,21","59,50"
"19,75","0,89","1,46","58,21"
"20,55","0,87","0,91","59,30"
"19,94","0,82","0,97","59,26"
"19,98","0,77","0,99","59,26"
"19,80","0,73","1,19","59,16"
"19,74","0,70","1,45","59,06"
"20,41","0,68","1,04","58,94"
"19,91","0,65","1,13","57,66"
"19,88","0,61","1,25","58,68"
"21,16","0,65","0,09","57,55"
"18,66","0,69","1,42","58,64"
"20,62","0,69","0,81","57,37"
"20,47","0,67","0,34","57,28"
"19,28","0,68","1,06","57,19"
"19,70","0,65","1,36","58,20"
"20,78","0,66","0,58","56,82"
"19,69","0,64","0,89","56,60"
"19,90","0,60","0,99","57,59"
"20,05","0,57","0,94","56,18"
"19,34","0,58","1,60","57,15"
"21,18","0,61","0,42","55,90"
"19,38","0,61","1,04","55,84"
"20,36","0,60","0,69","55,70"
"20,73","0,61","-0,04","55,77"
"19,25","0,61","0,71","56,83"
"19,74","0,59","0,97","56,74"
"19,46","0,59","1,51","56,66"
"19,44","0,59","2,06","56,44"
"21,29","0,63","0,77","56,32"
"21,87","0,71","-1,10","55,06"
"17,64","0,81","1,26","56,17"
"20,20","0,77","1,06","56,07"
"18,85","0,80","2,21","55,98"
"21,22","0,82","0,99","54,67"
"20,19","0,78","0,81","54,52"
"19,66","0,76","1,15","54,41"
"19,89","0,72","1,25","55,60"
"19,75","0,69","1,51","54,40"
"20,73","0,69","0,78","54,32"
"20,40","0,67","0,38","54,23"
"18,28","0,74","2,09","55,36"
"20,49","0,72","1,60","55,29"
"20,12","0,68","1,48","55,28"
"19,66","0,66","1,83","55,23"
"20,65","0,66","1,18","55,28"
"19,78","0,63","1,40","55,27"
"20,72","0,64","0,68","54,26"
"20,07","0,60","0,61","54,32"
"19,83","0,58","0,78","54,37"
"22,03","0,67","-1,25","54,46"
"17,44","0,79","1,31","54,53"
"20,25","0,75","1,06","55,70"
"19,88","0,71","1,18","55,70"
"19,71","0,69","1,47","55,70"
"21,19","0,72","0,28","54,64"
"18,47","0,77","1,81","55,66"
"21,04","0,79","0,77","54,57"
"20,37","0,76","0,39","54,74"
"18,78","0,79","1,61","55,94"
"20,64","0,78","0,98","56,05"
"20,07","0,73","0,91","55,01"
"20,03","0,69","0,88","56,23"
"22,33","0,79","-1,45","55,29"
"17,79","0,88","0,76","55,44"
"20,53","0,86","0,22","55,67"
"19,00","0,87","1,23","56,90"
"20,35","0,84","0,88","56,17"
"19,97","0,79","0,91","56,42"
"20,07","0,74","0,84","56,62"
"11,09","1,25","9,75","57,82"
"28,28","1,69","1,47","58,07"
"20,60","1,62","0,86","57,17"
"19,94","1,53","0,92","58,34"
"10,12","2,05","10,80","58,48"
"30,59","2,58","0,21","57,41"
"18,70","2,50","1,51","58,52"
"20,95","2,40","0,56","57,47"
"20,80","2,30","-0,24","57,62"
"29,89","2,78","-10,13","57,67"
"9,71","3,25","0,16","58,82"
"19,91","3,05","0,25","57,71"
"19,81","2,87","0,44","57,85"
"19,95","2,69","0,49","57,96"
"29,59","3,13","-9,10","58,03"
"20,46","2,96","-9,57","58,24"
"9,87","3,41","0,57","58,29"
"20,32","3,21","0,24","58,20"
"29,59","3,61","-9,35","58,22"
"20,13","3,40","-9,48","58,21"
"9,55","3,84","0,97","59,33"
"20,44","3,62","0,54","58,20"
"18,80","3,47","1,73","59,30"
"30,74","3,93","-9,00","58,15"
"10,24","4,29","0,76","58,25"
"19,05","4,08","1,71","59,42"
"20,85","3,88","0,86","58,20"
"31,22","4,34","-10,36","58,30"
"8,07","4,81","1,57","59,54"
"21,05","4,58","0,52","58,45"
"20,14","4,30","0,38","59,60"
"29,43","4,62","-9,06","58,42"
"10,42","4,93","0,52","58,45"
"19,64","4,65","0,88","58,60"
"19,45","4,39","1,43","58,68"
"30,09","4,75","-8,67","58,76"
"10,16","5,06","1,18","58,94"
"20,13","4,76","1,04","60,15"
"20,90","4,52","0,14","59,22"
"29,29","4,81","-9,14","59,19"
"10,40","5,11","0,46","59,24"
"19,32","4,84","1,14","60,38"
"19,97","4,53","1,17","60,36"
"31,27","4,96","-10,11","59,10"
"8,94","5,34","0,95","60,22"
"20,30","5,02","0,65","60,07"
"20,60","4,75","0,05","58,72"
"19,27","4,50","0,78","58,59"
"20,14","4,22","0,63","58,46"
"19,84","3,97","0,79","58,34"
"20,13","3,73","0,66","58,25"
"19,39","3,53","1,27","58,12"
"19,56","3,34","1,70","59,30"
"21,08","3,20","0,62","58,10"
"18,93","3,07","1,69","58,06"
"20,89","2,93","0,81","59,29"
"19,66","2,77","1,15","58,27"
"20,50","2,63","0,65","59,49"
"19,95","2,47","0,70","59,58"
"20,29","2,33","0,41","59,58"
"19,14","2,24","1,27","59,58"
"20,72","2,14","0,55","59,61"
"19,71","2,03","0,85","59,66"
"20,59","1,94","0,26","58,45"
"19,23","1,86","1,03","59,62"
"19,71","1,77","1,32","59,55"
"20,01","1,66","1,30","59,50"
"20,07","1,56","1,24","59,50"
"20,63","1,50","0,61","59,54"
"20,34","1,43","0,27","59,54"
"19,78","1,35","0,49","58,50"
"20,16","1,28","0,33","58,59"
"19,07","1,25","1,27","58,66"
"20,16","1,19","1,11","59,82"
"20,03","1,11","1,08","59,89"
"20,17","1,06","0,90","58,62"
"19,85","1,00","1,05","59,86"
"20,16","0,95","0,88","59,86"
"19,66","0,91","1,23","58,50"
"20,15","0,86","1,08","59,66"
"19,81","0,82","1,27","59,59"
"20,38","0,79","0,89","59,57"
"19,44","0,78","1,45","59,63"
"19,59","0,75","1,86","59,62"
"21,01","0,77","0,85","58,34"
"20,79","0,77","0,06","59,50"
"18,54","0,81","1,52","59,50"
"20,86","0,82","0,66","58,29"
"21,72","0,87","-1,06","58,34"
"17,96","0,95","0,98","59,53"
"19,63","0,91","1,35","59,53"
"20,15","0,86","1,20","59,54"
"19,70","0,83","1,50","59,55"
"20,87","0,83","0,63","59,55"
"20,43","0,81","0,20","58,38"
"19,40","0,79","0,80","59,57"
"19,53","0,77","1,26","59,66"
"20,49","0,75","0,78","59,67"
"20,26","0,72","0,52","58,51"
"19,24","0,73","1,27","59,51"
"19,84","0,69","1,43","59,39"
"20,17","0,66","1,27","58,28"
"20,29","0,63","0,98","58,15"
"19,64","0,62","1,33","59,21"
"20,29","0,60","1,05","58,05"
"19,81","0,57","1,24","59,24"
"19,74","0,55","1,50","59,15"
"20,77","0,57","0,73","59,05"
"18,90","0,60","1,83","58,90"
"20,91","0,62","0,92","58,78"
"19,99","0,58","0,93","57,50"
"19,47","0,58","1,46","58,56"
"20,11","0,55","1,35","58,39"
"19,74","0,53","1,62","58,19"
"20,25","0,51","1,36","58,01"
"19,68","0,50","1,69","57,86"
"20,80","0,52","0,89","56,66"
"20,36","0,51","0,53","56,54"
"19,77","0,49","0,77","57,62"
"19,93","0,47","0,83","57,69"
"20,12","0,44","0,71","57,74"
"19,51","0,45","1,21","57,68"
"19,92","0,42","1,29","57,66"
"20,32","0,42","0,97","56,57"
"20,90","0,45","0,07","56,56"
"19,58","0,45","0,49","56,57"
"19,31","0,46","1,18","57,71"
"20,76","0,48","0,42","56,43"
"24,04","0,70","-3,62","56,39"
"15,51","0,94","0,87","56,34"
"19,87","0,89","1,00","56,30"
"20,03","0,83","0,96","57,56"
"19,83","0,79","1,14","56,44"
"20,79","0,79","0,34","56,46"
"19,19","0,79","1,16","57,70"
"19,60","0,77","1,56","57,73"
"10,23","1,33","11,33","57,78"
"30,82","1,93","0,51","56,63"
"18,90","1,87","1,61","57,80"
"20,61","1,79","1,00","57,74"
"10,43","2,28","10,57","57,67"
"28,99","2,70","1,59","57,66"
"30,66","3,20","-9,07","56,48"
"10,32","3,60","0,61","56,48"
"20,14","3,39","0,47","57,62"
"20,72","3,22","-0,25","56,44"
"30,01","3,64","-10,26","56,43"
"18,95","3,48","-9,21","56,41"
"10,28","3,87","0,51","56,50"
"20,22","3,64","0,28","56,72"
"29,43","4,01","-9,15","56,88"
"10,23","4,37","0,63","56,91"
"19,22","4,14","1,41","58,17"
"19,79","3,90","1,61","58,27"
"30,31","4,30","-8,70","57,20"
"20,05","4,03","-8,74","57,16"
"10,08","4,40","1,17","57,10"
"20,71","4,17","0,47","57,17"
"29,28","4,49","-8,82","57,22"
"19,43","4,24","-8,25","57,23"
"10,11","4,60","1,65","58,34"
"21,13","4,38","0,52","57,35"
"19,19","4,16","1,33","57,47"
"30,26","4,54","-8,93","57,69"
"11,46","4,79","-0,39","57,86"
"18,87","4,56","0,74","58,04"
"20,00","4,27","0,74","58,13"
"30,14","4,64","-9,41","58,21"
"9,46","5,01","1,14","59,36"
"20,12","4,70","1,02","59,46"
"20,68","4,45","0,33","58,17"
"30,19","4,81","-9,86","58,13"
"9,48","5,17","0,65","58,10"
"20,32","4,87","0,34","58,11"
"19,86","4,57","0,48","59,31"
"29,65","4,89","-9,17","58,19"
"9,01","5,27","1,83","59,36"
"20,86","4,99","0,97","59,42"
"20,41","4,71","0,55","59,50"
"29,60","5,01","-9,05","58,51"
"10,49","5,29","0,46","58,62"
"19,69","4,98","0,77","58,54"
"19,74","4,69","1,03","58,49"
"30,25","5,04","-9,22","58,44"
"9,20","5,40","1,58","59,68"
"20,67","5,10","0,91","58,55"
"20,02","4,78","0,89","58,54"
"29,73","5,09","-8,84","58,54"
"11,13","5,33","0,03","58,61"
"19,27","5,04","0,76","58,61"
"19,68","4,75","1,08","58,69"
"31,06","5,14","-9,98","58,73"
"9,11","5,50","0,91","59,93"
"19,58","5,18","1,33","59,95"
"20,03","4,86","1,30","60,02"
"30,66","5,22","-9,35","58,84"
"9,39","5,56","1,26","60,06"
"20,60","5,25","0,65","60,06"
"20,02","4,92","0,63","60,13"
"29,98","5,24","-9,35","58,94"
"9,50","5,57","1,16","60,09"
"20,86","5,27","0,30","58,94"
"19,00","5,01","1,30","58,81"
"31,07","5,39","-9,78","58,77"
"10,31","5,65","-0,09","59,87"
"18,79","5,38","1,12","59,84"
"19,53","5,07","1,59","59,78"
"29,98","5,38","-8,38","58,63"
"10,28","5,65","1,34","59,77"
"19,55","5,32","1,80","59,80"
"20,68","5,03","1,12","58,70"
"30,29","5,36","-9,17","58,67"
"8,98","5,72","1,85","59,74"
"20,79","5,41","1,07","59,78"
"20,12","5,08","0,95","59,66"
"30,58","5,42","-9,63","58,41"
"9,45","5,74","0,93","59,55"
"20,54","5,42","0,39","59,53"
"19,78","5,09","0,60","58,41"
"19,29","4,82","1,31","59,54"
"20,44","4,54","0,87","59,48"
"20,57","4,30","0,29","59,62"
"19,28","4,07","1,02","59,73"
"20,10","3,82","0,91","59,74"
"19,82","3,60","1,09","59,69"
"20,17","3,38","0,92","59,68"
"19,98","3,17","0,94","58,50"
"20,30","2,99","0,64","58,46"
"20,54","2,84","0,10","58,41"
"19,07","2,72","1,03","59,53"
"19,85","2,56","1,18","59,45"
"21,01","2,46","0,17","58,18"
"19,27","2,35","0,91","58,13"
"19,89","2,21","1,01","59,23"
"20,34","2,10","0,67","57,94"
"20,09","1,97","0,58","57,77"
"19,25","1,90","1,33","58,82"
"20,36","1,80","0,97","58,73"
"20,94","1,75","0,03","58,63"
"18,68","1,72","1,35","58,43"
"21,58","1,71","-0,23","57,18"
"18,69","1,69","1,08","58,29"
"19,79","1,59","1,29","58,18"
"19,84","1,50","1,45","58,10"
"20,31","1,43","1,14","56,85"
"19,87","1,35","1,27","57,91"
"21,11","1,33","0,16","56,61"
"18,29","1,36","1,87","57,67"
"20,99","1,33","0,88","57,62"
"20,60","1,29","0,28","57,67"
"19,69","1,23","0,58","56,46"
"20,10","1,16","0,49","57,58"
"19,62","1,11","0,86","56,52"
"19,53","1,07","1,33","57,59"
"20,72","1,05","0,61","57,57"
"20,53","1,01","0,07","56,50"
"19,67","0,97","0,41","56,54"
"19,56","0,94","0,84","57,65"
,,,
,,,
Delta (ms),Jitter (ms),Skew(ms),IP BW (kbps)
"0,00","0,00","0,00","1,04"
"24,06","0,25","-4,06","2,23"
"18,45","0,34","-2,51","3,34"
"25,55","0,66","-8,06","4,44"
"14,02","0,99","-2,07","5,57"
"24,41","1,21","-6,48","6,63"
"17,68","1,28","-4,16","7,68"
"18,50","1,29","-2,66","8,72"
"25,48","1,55","-8,14","9,86"
"16,97","1,64","-5,11","10,97"
"12,87","1,99","2,02","12,20"
"22,07","1,99","-0,05","13,41"
"20,44","1,90","-0,49","14,70"
"16,02","2,03","3,49","15,85"
"22,41","2,05","1,08","16,98"
"20,19","1,93","0,89","18,14"
"22,99","2,00","-2,10","19,22"
"15,87","2,13","2,03","20,39"
"20,01","2,00","2,02","21,57"
"26,42","2,28","-4,41","22,74"
"22,06","2,26","-6,46","23,90"
"12,94","2,56","0,60","24,96"
"21,31","2,48","-0,71","25,98"
"19,78","2,34","-0,48","26,92"
"26,76","2,62","-7,24","27,90"
"16,73","2,66","-3,97","28,90"
"14,83","2,82","1,19","29,88"
"23,81","2,88","-2,62","30,86"
"22,80","2,87","-5,41","31,98"
"14,62","3,03","-0,03","33,04"
"20,49","2,87","-0,53","34,07"
"21,39","2,78","-1,92","35,04"
"18,64","2,69","-0,56","36,06"
"21,50","2,62","-2,05","37,09"
"24,33","2,72","-6,38","38,07"
"13,92","2,93","-0,31","39,06"
"24,73","3,04","-5,03","40,22"
"17,11","3,03","-2,14","41,26"
"20,87","2,90","-3,01","42,36"
"19,48","2,75","-2,49","43,45"
"13,68","2,97","3,83","44,63"
"27,71","3,27","-3,88","45,79"
"19,61","3,09","-3,49","46,97"
"23,81","3,13","-7,30","48,14"
"17,42","3,10","-4,72","49,39"
"18,23","3,02","-2,95","50,58"
"20,20","2,84","-3,15","51,71"
"14,25","3,02","2,60","52,86"
"25,25","3,16","-2,65","54,06"
"21,77","3,07","-4,42","55,17"
"19,89","2,89","-4,31","55,24"
"20,23","2,72","-4,53","55,17"
"17,69","2,70","-2,23","56,21"
"26,36","2,93","-8,58","55,00"
"14,69","3,07","-3,28","54,95"
"18,31","2,99","-1,59","56,02"
"20,30","2,82","-1,89","56,02"
"17,79","2,78","0,32","56,02"
"24,64","2,90","-4,31","56,00"
"15,75","2,98","-0,07","55,90"
"28,27","3,31","-8,34","54,70"
"8,56","3,82","3,10","55,86"
"25,54","3,93","-2,43","54,52"
"16,68","3,89","0,89","54,50"
"28,24","4,16","-7,35","54,49"
"12,23","4,39","0,42","54,46"
"25,46","4,46","-5,04","54,44"
"17,85","4,31","-2,89","54,38"
"24,90","4,35","-7,78","54,31"
"9,31","4,74","2,91","55,31"
"21,67","4,55","1,24","55,14"
"25,16","4,59","-3,92","53,91"
"18,93","4,37","-2,85","53,90"
"19,62","4,12","-2,47","54,08"
"18,29","3,97","-0,76","55,23"
"11,52","4,25","7,72","55,35"
"26,94","4,42","0,78","54,52"
"25,97","4,52","-5,19","54,62"
"16,36","4,46","-1,55","55,66"
"16,31","4,41","2,14","55,62"
"34,96","5,07","-12,81","54,62"
"5,82","5,64","1,37","55,65"
"30,32","5,93","-8,95","54,88"
"0,00","6,81","11,04","56,01"
"31,69","7,12","-0,64","56,05"
"30,56","7,33","-11,20","55,18"
"25,75","7,23","-16,96","55,19"
"8,31","7,51","-5,26","55,30"
"20,86","7,10","-6,12","55,39"
"22,77","6,83","-8,89","55,43"
"20,27","6,42","-9,17","55,30"
"16,34","6,25","-5,50","55,28"
"18,93","5,92","-4,43","55,29"
"31,77","6,29","-16,20","55,25"
"20,65","5,94","-16,85","55,16"
"0,00","6,81","3,15","56,30"
"30,86","7,07","-7,72","55,07"
"22,67","6,79","-10,39","54,90"
"24,10","6,62","-14,49","54,74"
"10,35","6,81","-4,85","54,74"
"12,48","6,86","2,67","55,86"
"18,74","6,51","3,93","56,06"
"43,52","7,57","-19,59","55,09"
"9,45","7,76","-9,05","55,22"
"15,19","7,57","-4,24","55,35"
"17,37","7,26","-1,61","55,44"
"27,43","7,27","-9,04","55,46"
"15,66","7,09","-4,69","55,54"
"17,49","6,80","-2,19","56,72"
"16,83","6,58","0,98","56,87"
"35,81","7,15","-14,83","55,86"
"3,97","7,71","1,20","55,86"
"29,53","7,82","-8,32","55,90"
"13,74","7,73","-2,06","55,99"
"26,55","7,65","-8,61","56,12"
"16,25","7,41","-4,86","56,20"
"13,22","7,37","1,92","57,36"
"26,91","7,34","-4,99","56,34"
"29,64","7,48","-14,63","56,37"
"8,50","7,73","-3,13","56,58"
"24,03","7,50","-7,16","56,78"
"16,31","7,26","-3,47","57,91"
"22,92","6,99","-6,39","57,02"
"16,93","6,75","-3,32","57,02"
"11,90","6,83","4,77","58,14"
"23,86","6,65","0,91","57,01"
"28,16","6,74","-7,25","57,06"
"16,03","6,57","-3,28","58,16"
"16,44","6,38","0,28","58,19"
"26,94","6,42","-6,66","57,20"
"25,86","6,38","-12,53","58,35"
"8,22","6,72","-0,74","57,47"
"20,64","6,34","-1,38","58,66"
"14,33","6,30","4,29","57,49"
"34,51","6,81","-10,23","57,61"
"16,02","6,63","-6,24","58,80"
"17,71","6,36","-3,95","58,90"
"21,03","6,03","-4,98","58,98"
"16,69","5,86","-1,66","59,04"
"23,75","5,73","-5,41","59,01"
"20,62","5,41","-6,03","58,99"
"17,60","5,22","-3,63","59,07"
"13,45","5,30","2,92","59,14"
"25,99","5,35","-3,07","59,04"
"12,81","5,46","4,12","60,18"
"23,43","5,33","0,69","57,94"
"25,80","5,36","-5,11","59,17"
"18,95","5,09","-4,06","59,29"
"19,01","4,84","-3,07","59,54"
"20,82","4,59","-3,89","59,70"
"17,31","4,47","-1,20","58,69"
"20,70","4,23","-1,90","58,54"
"12,42","4,44","5,68","59,72"
"24,65","4,45","1,02","60,94"
"22,58","4,34","-1,55","59,80"
"22,27","4,21","-3,83","58,64"
"14,17","4,31","2,00","59,81"
"17,98","4,17","4,02","59,90"
"31,01","4,59","-6,99","58,78"
"15,53","4,59","-2,53","58,83"
"13,61","4,70","3,86","60,06"
"19,61","4,43","4,26","60,02"
"25,65","4,51","-1,40","60,02"
"26,96","4,66","-8,36","58,80"
"14,25","4,73","-2,61","59,97"
"21,05","4,50","-3,66","59,81"
"17,60","4,37","-1,26","58,50"
"22,64","4,26","-3,90","59,59"
"17,51","4,15","-1,41","59,57"
"24,91","4,20","-6,32","58,30"
"14,93","4,25","-1,25","59,40"
"20,94","4,04","-2,19","59,30"
"19,66","3,81","-1,85","59,26"
"21,24","3,65","-3,09","59,26"
"20,03","3,42","-3,12","58,04"
"25,13","3,53","-8,25","57,94"
"18,34","3,41","-6,60","58,94"
"16,21","3,44","-2,81","58,76"
"20,65","3,26","-3,46","57,58"
"15,10","3,37","1,45","58,69"
"24,60","3,44","-3,16","58,64"
"15,23","3,53","1,61","58,61"
"27,82","3,79","-6,21","57,28"
"16,29","3,79","-2,50","57,19"
"20,31","3,57","-2,82","58,20"
"22,11","3,48","-4,92","58,02"
"18,36","3,37","-3,29","57,81"
"16,83","3,35","-0,12","57,59"
"25,63","3,50","-5,75","56,18"
"21,25","3,36","-7,00","55,99"
"15,76","3,41","-2,76","57,02"
"23,75","3,43","-6,51","55,84"
"13,45","3,63","0,04","55,70"
"21,47","3,49","-1,43","56,86"
"23,98","3,52","-5,41","55,70"
"15,71","3,57","-1,12","55,54"
"22,28","3,49","-3,40","56,66"
"15,73","3,54","0,87","56,44"
"24,72","3,61","-3,85","55,08"
"23,87","3,63","-7,71","55,06"
"21,49","3,50","-9,21","54,96"
"7,96","4,03","2,84","56,07"
"21,27","3,86","1,57","54,79"
"24,81","3,92","-3,24","54,67"
"15,13","3,98","1,63","55,70"
"22,69","3,90","-1,06","55,62"
"20,04","3,65","-1,10","54,43"
"21,66","3,53","-2,76","54,40"
"18,18","3,42","-0,94","55,51"
"27,29","3,66","-8,24","54,23"
"19,56","3,46","-7,79","54,13"
"18,76","3,32","-6,56","54,18"
"11,54","3,65","1,90","55,28"
"23,25","3,62","-1,35","55,23"
"16,11","3,64","2,54","55,28"
"30,46","4,06","-7,92","54,18"
"14,76","4,14","-2,68","54,26"
"14,82","4,20","2,51","55,41"
"24,29","4,21","-1,78","54,37"
"21,52","4,04","-3,30","55,54"
"20,55","3,82","-3,84","54,53"
"22,08","3,71","-5,92","54,61"
"16,17","3,72","-2,09","54,61"
"25,84","3,85","-7,93","54,59"
"17,55","3,76","-5,48","54,64"
"17,52","3,68","-3,00","55,66"
"21,44","3,54","-4,44","55,56"
"23,00","3,51","-7,45","54,74"
"9,52","3,95","3,03","55,94"
"27,53","4,17","-4,50","54,94"
"15,09","4,22","0,42","56,10"
"21,34","4,04","-0,92","55,11"
"20,69","3,83","-1,61","56,38"
"20,11","3,60","-1,72","56,54"
"23,32","3,58","-5,04","55,67"
"15,05","3,66","-0,09","56,90"
"23,64","3,66","-3,73","56,17"
"16,25","3,67","0,02","57,42"
"22,93","3,62","-2,91","57,66"
"14,17","3,76","2,92","57,82"
"21,77","3,64","1,15","58,07"
"17,08","3,59","4,08","58,23"
"24,96","3,68","-0,89","57,27"
"10,98","4,01","8,13","58,48"
"37,23","4,84","-9,10","57,41"
"11,06","5,09","-0,16","58,52"
"16,88","4,97","2,96","58,59"
"25,86","5,03","-2,90","57,62"
"31,47","5,43","-14,37","57,67"
"11,42","5,63","-5,79","58,82"
"14,36","5,63","-0,15","58,82"
"20,51","5,31","-0,66","57,85"
"19,29","5,02","0,05","57,96"
"34,01","5,58","-13,97","58,03"
"21,91","5,35","-15,88","58,24"
"7,72","5,79","-3,60","58,29"
"15,36","5,71","1,04","59,39"
"31,19","6,06","-10,15","58,22"
"20,36","5,70","-10,50","58,21"
"9,02","6,03","0,48","59,33"
"19,83","5,66","0,64","59,33"
"27,80","5,80","-7,16","58,14"
"25,70","5,79","-12,86","58,15"
"12,61","5,89","-5,48","58,25"
"22,82","5,70","-8,29","58,19"
"9,69","5,99","2,01","59,36"
"40,58","6,90","-18,57","57,15"
"3,63","7,49","-2,20","58,40"
"20,36","7,05","-2,56","58,45"
"16,42","6,83","1,02","59,60"
"33,56","7,25","-12,54","58,42"
"12,56","7,26","-5,10","59,62"
"20,26","6,82","-5,36","58,60"
"18,58","6,49","-3,94","59,78"
"29,24","6,66","-13,18","58,76"
"4,52","7,21","2,30","59,97"
"29,16","7,33","-6,86","59,23"
"14,65","7,21","-1,51","60,41"
"29,32","7,34","-10,83","59,19"
"9,30","7,55","-0,13","60,37"
"24,54","7,36","-4,66","59,22"
"19,80","6,91","-4,46","59,14"
"27,98","6,98","-12,45","59,10"
"3,98","7,55","3,57","60,22"
"31,79","7,81","-8,21","58,83"
"13,23","7,75","-1,44","58,72"
"22,28","7,40","-3,73","59,84"
"21,33","7,02","-5,05","58,46"
"23,48","6,80","-8,53","58,34"
"10,03","7,00","1,44","58,25"
"23,32","6,77","-1,88","58,12"
"20,36","6,37","-2,24","58,12"
"21,05","6,04","-3,30","58,10"
"14,43","6,01","2,28","58,06"
"25,07","5,95","-2,79","59,29"
"17,45","5,74","-0,24","58,27"
"27,03","5,82","-7,27","58,38"
"12,21","5,94","0,52","59,58"
"19,49","5,60","1,04","59,58"
"21,53","5,35","-0,49","59,58"
"18,53","5,11","0,97","59,61"
"25,53","5,13","-4,56","58,41"
"17,14","4,99","-1,70","58,45"
"14,75","5,01","3,55","59,62"
"25,03","5,01","-1,48","59,55"
"21,51","4,79","-2,99","59,50"
"22,40","4,64","-5,40","58,40"
"13,86","4,73","0,75","59,54"
"23,88","4,68","-3,13","59,54"
"20,94","4,45","-4,07","58,50"
"17,94","4,30","-2,01","58,59"
"25,73","4,39","-7,74","58,66"
"15,10","4,42","-2,84","59,82"
"18,21","4,25","-1,05","59,89"
"25,85","4,35","-6,90","59,79"
"13,69","4,48","-0,59","58,70"
"22,16","4,33","-2,75","59,86"
"20,80","4,11","-3,55","58,50"
"18,36","3,96","-1,91","59,66"
"19,95","3,71","-1,86","58,44"
"19,03","3,54","-0,89","59,57"
"22,26","3,46","-3,15","59,63"
"24,16","3,50","-7,31","58,37"
"16,44","3,51","-3,76","59,51"
"18,52","3,38","-2,28","59,50"
"22,00","3,29","-4,28","58,29"
"21,24","3,17","-5,52","59,50"
"23,62","3,19","-9,14","58,34"
"11,29","3,54","-0,43","59,53"
"20,90","3,37","-1,33","58,35"
"20,40","3,19","-1,73","59,54"
"18,94","3,05","-0,67","59,55"
"20,15","2,87","-0,82","59,55"
"21,05","2,76","-1,87","58,38"
"21,65","2,69","-3,51","59,57"
"22,52","2,68","-6,03","58,54"
"9,70","3,15","4,26","59,67"
"22,65","3,12","1,61","59,62"
"21,85","3,04","-0,24","59,51"
"17,21","3,03","2,55","59,39"
"22,35","2,99","0,19","59,38"
"26,34","3,20","-6,15","58,15"
"17,87","3,13","-4,02","58,06"
"12,53","3,40","3,45","59,22"
"22,04","3,32","1,41","59,24"
"23,62","3,33","-2,21","57,91"
"15,90","3,38","1,89","59,05"
"20,26","3,19","1,62","58,90"
"24,57","3,27","-2,95","57,62"
"19,81","3,08","-2,75","57,50"
"25,91","3,26","-8,67","57,38"
"15,66","3,33","-4,33","58,39"
"13,32","3,54","2,36","58,19"
"27,03","3,75","-4,67","56,83"
"21,38","3,61","-6,05","56,75"
"20,83","3,43","-6,88","56,66"
"12,25","3,70","0,87","57,69"
"27,76","3,96","-6,89","56,47"
"11,25","4,25","1,86","57,69"
"26,88","4,42","-5,02","56,54"
"14,47","4,49","0,51","57,68"
"25,93","4,58","-5,42","57,66"
"22,65","4,46","-8,07","56,57"
"19,59","4,21","-7,66","56,56"
"14,95","4,26","-2,60","57,70"
"22,06","4,12","-4,66","56,46"
"17,15","4,04","-1,80","57,60"
"23,83","4,03","-5,63","56,39"
"22,44","3,93","-8,07","56,34"
"16,00","3,93","-4,08","56,30"
"23,47","3,90","-7,55","56,43"
"15,52","3,94","-3,07","57,66"
"18,87","3,76","-1,93","57,66"
"18,43","3,63","-0,37","57,70"
"19,15","3,45","0,49","57,73"
"15,54","3,52","4,95","57,78"
"27,76","3,78","-2,81","57,84"
"26,13","3,93","-8,94","57,80"
"11,79","4,20","-0,73","56,55"
"11,31","4,48","7,96","57,67"
"35,97","5,20","-8,01","56,47"
"23,69","5,10","-11,70","56,48"
"11,47","5,32","-3,17","56,48"
"12,80","5,43","4,03","57,62"
"32,81","5,89","-8,78","56,44"
"29,26","6,10","-18,04","55,30"
"16,56","5,94","-14,60","56,41"
"5,34","6,48","0,05","56,50"
"26,60","6,49","-6,55","56,72"
"25,92","6,45","-12,46","56,88"
"9,13","6,73","-1,59","56,91"
"19,85","6,32","-1,44","58,17"
"22,61","6,09","-4,05","57,22"
"29,59","6,31","-13,64","57,20"
"17,85","6,05","-11,49","57,16"
"10,96","6,23","-2,45","57,10"
"17,81","5,98","-0,26","57,17"
"37,11","6,68","-17,37","57,22"
"7,56","7,04","-4,93","57,23"
"18,36","6,70","-3,30","57,31"
"18,71","6,36","-2,01","58,41"
"23,68","6,19","-5,69","57,47"
"29,08","6,37","-14,77","57,69"
"8,43","6,70","-3,20","58,90"
"21,19","6,35","-4,39","59,06"
"16,93","6,15","-1,32","59,22"
"30,99","6,45","-12,31","58,21"
"14,67","6,38","-6,98","58,29"
"15,49","6,26","-2,47","58,24"
"20,42","5,90","-2,88","59,36"
"32,46","6,31","-15,34","58,13"
"6,48","6,76","-1,82","59,30"
"17,88","6,47","0,30","59,35"
"18,51","6,16","1,79","59,31"
"35,11","6,72","-13,32","58,19"
"7,26","7,09","-0,58","59,36"
"17,65","6,80","1,77","59,42"
"19,57","6,40","2,20","59,50"
"37,03","7,06","-14,83","58,51"
"11,00","7,19","-5,83","58,62"
"18,76","6,81","-4,59","59,81"
"21,22","6,46","-5,81","58,49"
"24,18","6,32","-9,99","58,44"
"10,04","6,55","-0,03","59,68"
"31,37","6,85","-11,40","58,55"
"11,11","6,98","-2,50","58,54"
"30,84","7,22","-13,34","58,54"
"9,46","7,43","-2,81","59,78"
"18,24","7,07","-1,05","58,61"
"22,86","6,81","-3,91","58,69"
"26,23","6,77","-10,15","58,73"
"14,50","6,69","-4,65","59,93"
"18,12","6,39","-2,76","59,95"
"23,33","6,20","-6,09","58,88"
"28,38","6,34","-14,48","58,84"
"8,00","6,69","-2,48","60,06"
"20,48","6,30","-2,96","60,06"
"17,88","6,04","-0,83","58,96"
"27,62","6,14","-8,45","58,94"
"12,13","6,25","-0,58","60,09"
"19,27","5,90","0,15","60,07"
"22,49","5,69","-2,34","58,81"
"26,13","5,72","-8,47","58,77"
"19,19","5,41","-7,65","59,87"
"14,49","5,42","-2,14","59,84"
"23,77","5,31","-5,91","58,70"
"25,62","5,33","-11,53","58,63"
"18,16","5,12","-9,69","59,77"
"16,55","5,01","-6,24","58,70"
"13,65","5,09","0,11","59,81"
"40,17","6,04","-20,06","58,67"
"0,00","6,91","-0,06","59,74"
"19,16","6,53","0,78","59,78"
"24,72","6,42","-3,94","58,45"
"26,54","6,42","-10,48","58,41"
"17,03","6,21","-7,51","58,38"
"18,92","5,89","-6,43","59,53"
"23,10","5,71","-9,53","58,41"
"10,49","5,95","-0,02","59,54"
"26,58","5,99","-6,60","58,36"
"19,88","5,62","-6,48","59,62"
"17,37","5,44","-3,85","58,56"
"16,30","5,33","-0,15","58,48"
"25,56","5,34","-5,71","58,49"
"23,98","5,26","-9,69","59,68"
"9,34","5,60","0,97","59,66"
"22,03","5,37","-1,06","58,46"
"28,22","5,55","-9,27","58,41"
"15,34","5,49","-4,61","59,53"
"21,76","5,26","-6,38","58,22"
"17,80","5,07","-4,17","59,37"
"21,26","4,83","-5,43","59,30"
"19,04","4,59","-4,47","59,23"
"18,65","4,39","-3,12","57,94"
"22,42","4,26","-5,54","59,05"
"16,53","4,21","-2,08","58,82"
"16,89","4,15","1,03","58,73"
"22,99","4,07","-1,96","58,63"
"26,54","4,23","-8,50","57,26"
"17,72","4,11","-6,21","57,18"
"15,01","4,16","-1,22","58,29"
"22,01","4,03","-3,23","58,18"
"15,95","4,03","0,82","58,10"
"27,22","4,23","-6,39","56,85"
"12,50","4,43","1,10","57,91"
"26,56","4,57","-5,46","56,61"
"16,42","4,50","-1,87","57,67"
"27,16","4,67","-9,03","56,44"
"16,77","4,58","-5,80","57,67"
"20,43","4,32","-6,23","56,46"
"14,05","4,42","-0,28","56,43"
"29,23","4,72","-9,51","56,52"
"10,52","5,02","-0,03","57,59"
"16,98","4,90","2,99","57,57"
"28,57","5,12","-5,58","56,50"
"19,25","4,85","-4,83","57,64"
"15,62","4,82","-0,45","57,65"
