Sequence,Time stamp,Delta (ms),Jitter (ms),Skew(ms),IP BW (kbps),,Sequence,Time stamp,Delta (ms),Jitter (ms),Skew(ms),IP BW (kbps)
0,285265843,"0,00","0,00","0,00","1,02",,0,285265843,"0,00","0,00","0,00","1,02"
1,285266803,"21,33","0,08","-1,33","2,16",,1,285266803,"21,23","0,08","-1,23","2,16"
2,285267763,"8,58","0,79","10,10","3,32",,2,285267763,"28,65","0,61","-9,88","3,32"
3,285268723,"30,86","1,42","-0,76","4,49",,3,285268723,"5,11","1,51","5,01","4,49"
4,285269683,"8,92","2,02","10,32","5,65",,4,285269683,"9,28","2,08","15,73","5,65"
5,285270643,"19,89","1,90","10,42","6,67",,5,285270643,"42,67","3,37","-6,93","6,67"
6,285271603,"29,50","2,38","0,93","7,74",,6,285271603,"26,19","3,54","-13,13","7,74"
7,285272563,"20,08","2,24","0,85","8,77",,7,285272563,"0,25","4,56","6,63","8,77"
8,285273523,"21,30","2,18","-0,45","9,82",,8,285273523,"50,86","6,20","-24,23","9,82"
9,285274483,"8,98","2,73","10,57","10,90",,9,285274483,"0,99","7,00","-5,22","10,90"
10,285275443,"20,33","2,58","10,24","11,98",,10,285275443,"5,72","7,46","9,06","11,98"
11,285276403,"29,77","3,03","0,47","13,06",,11,285276403,"25,29","7,32","3,77","13,06"
12,285277363,"11,19","3,39","9,28","14,10",,12,285277363,"15,29","7,16","8,48","14,10"
13,285278323,"19,10","3,23","10,18","15,13",,13,285278323,"17,95","6,84","10,53","15,13"
14,285279283,"31,01","3,72","-0,82","16,11",,14,285279283,"33,22","7,24","-2,69","16,11"
15,285280243,"0,02","4,74","19,16","17,16",,16,285281203,"28,14","7,53","9,17","17,15"
16,285281203,"39,15","5,64","0,01","18,20",,17,285282163,"46,38","8,71","-17,21","18,14"
17,285282163,"19,25","5,33","0,76","19,18",,18,285283123,"23,94","8,41","-21,15","19,15"
18,285283123,"19,91","5,00","0,85","20,20",,19,285284083,"6,12","8,75","-7,27","20,15"
19,285284083,"9,83","5,33","11,03","21,20",,20,285285043,"27,95","8,70","-15,22","21,16"
20,285285043,"30,68","5,66","0,34","22,21",,21,285286003,"2,46","9,25","2,32","22,19"
21,285286003,"19,91","5,31","0,44","23,24",,22,285286963,"38,99","9,86","-16,67","23,20"
22,285286963,"19,90","4,99","0,54","24,25",,23,285287923,"1,43","10,41","1,90","24,22"
23,285287923,"10,22","5,29","10,32","25,26",,24,285288883,"20,89","9,81","1,01","25,29"
24,285288883,"30,37","5,61","-0,05","26,34",,25,285289843,"9,84","9,83","11,17","26,34"
25,285289843,"19,71","5,27","0,25","27,39",,26,285290803,"23,67","9,45","7,50","27,42"
26,285290803,"20,17","4,96","0,08","28,46",,27,285291763,"41,56","10,20","-14,06","28,44"
27,285291763,"9,39","5,31","10,68","29,49",,28,285292723,"21,14","9,64","-15,20","29,50"
28,285292723,"29,97","5,60","0,71","30,54",,29,285293683,"0,00","10,29","4,80","30,49"
29,285293683,"20,28","5,27","0,43","31,54",,30,285294643,"14,45","9,99","10,34","31,52"
30,285294643,"19,43","4,97","1,00","32,57",,31,285295603,"29,22","9,94","1,13","32,58"
31,285295603,"10,09","5,28","10,91","33,63",,32,285296563,"14,11","9,69","7,02","33,66"
32,285296563,"30,91","5,63","0,00","34,71",,33,285297523,"46,91","10,76","-19,89","34,74"
33,285297523,"20,40","5,31","-0,40","35,79",,35,285299443,"31,12","10,65","-11,01","35,86"
34,285298483,"8,99","5,66","10,61","36,87",,36,285300403,"17,14","10,16","-8,15","37,04"
35,285299443,"20,93","5,37","9,68","37,98",,37,285301363,"21,21","9,60","-9,35","38,04"
36,285300403,"19,71","5,05","9,97","39,17",,38,285302323,"3,02","10,06","7,63","39,10"
37,285301363,"19,24","4,78","10,72","40,17",,39,285303283,"17,97","9,56","9,65","40,14"
38,285302323,"20,68","4,52","10,05","41,22",,40,285304243,"51,37","10,92","-21,72","41,28"
39,285303283,"18,96","4,31","11,08","42,27",,41,285305203,"0,00","11,49","-1,72","42,44"
40,285304243,"31,22","4,74","-0,13","43,41",,42,285306163,"3,59","11,80","14,69","43,58"
41,285305203,"8,92","5,13","10,94","44,57",,43,285307123,"33,21","11,89","1,48","44,69"
42,285306163,"20,74","4,86","10,20","45,70",,45,285309043,"40,33","11,16","1,15","45,79"
43,285307123,"29,78","5,17","0,42","46,82",,46,285310003,"33,12","11,29","-11,97","46,92"
44,285308083,"11,58","5,37","8,84","47,93",,47,285310963,"27,44","11,05","-19,41","48,11"
45,285309043,"29,19","5,61","-0,35","49,03",,48,285311923,"3,92","11,36","-3,33","49,24"
46,285310003,"18,99","5,32","0,66","50,16",,49,285312883,"32,68","11,44","-16,01","50,38"
47,285310963,"21,25","5,07","-0,59","51,35",,50,285313843,"15,96","10,98","-11,96","50,46"
48,285311923,"9,55","5,40","9,86","52,48",,51,285314803,"10,84","10,87","-2,80","50,43"
49,285312883,"20,14","5,07","9,72","53,62",,52,285315763,"8,10","10,93","9,10","51,56"
50,285313843,"18,57","4,85","11,14","54,73",,53,285316723,"29,54","10,84","-0,44","50,33"
51,285314803,"20,78","4,59","10,36","54,81",,54,285317683,"7,03","10,98","12,52","50,34"
52,285315763,"20,10","4,31","10,26","54,80",,55,285318643,"42,56","11,70","-10,03","50,42"
53,285316723,"19,59","4,07","10,67","54,74",,56,285319603,"20,21","10,98","-10,25","51,58"
54,285317683,"19,67","3,83","11,00","54,74",,57,285320563,"0,00","11,55","9,75","52,61"
55,285318643,"20,27","3,61","10,72","54,68",,58,285321523,"42,78","12,25","-13,02","51,57"
56,285319603,"20,24","3,40","10,49","54,82",,59,285322483,"12,93","11,92","-5,95","50,46"
57,285320563,"19,48","3,22","11,01","54,78",,60,285323443,"24,02","11,43","-9,98","50,42"
58,285321523,"20,36","3,04","10,65","54,81",,61,285324403,"0,00","11,97","10,02","51,50"
59,285322483,"20,77","2,90","9,88","53,70",,63,285326323,"46,13","11,60","3,89","49,51"
60,285323443,"20,37","2,74","9,51","53,66",,64,285327283,"36,51","11,91","-12,62","49,65"
61,285324403,"18,80","2,64","10,71","54,74",,65,285328243,"17,39","11,33","-10,01","50,82"
62,285325363,"21,23","2,56","9,48","54,80",,66,285329203,"8,05","11,37","1,94","50,90"
63,285326323,"28,72","2,94","0,76","53,89",,67,285330163,"27,43","11,12","-5,49","52,02"
64,285327283,"21,43","2,85","-0,68","55,01",,68,285331123,"34,85","11,35","-20,34","52,22"
65,285328243,"9,04","3,35","10,28","54,14",,69,285332083,"13,59","11,04","-13,92","51,34"
66,285329203,"29,76","3,75","0,53","55,26",,70,285333043,"27,47","10,82","-21,39","50,44"
67,285330163,"10,61","4,11","9,91","55,34",,71,285334003,"6,58","10,98","-7,97","51,61"
68,285331123,"29,43","4,44","0,48","54,53",,72,285334963,"34,74","11,22","-22,70","50,70"
69,285332083,"19,94","4,17","0,54","54,66",,73,285335923,"20,70","10,56","-23,40","50,79"
70,285333043,"20,51","3,94","0,04","54,80",,74,285336883,"20,12","9,91","-23,53","50,89"
71,285334003,"9,19","4,37","10,85","55,97",,75,285337843,"0,56","10,50","-4,09","52,02"
72,285334963,"30,20","4,73","0,65","56,05",,76,285338803,"1,89","10,98","14,03","53,12"
73,285335923,"20,36","4,46","0,29","55,19",,77,285339763,"60,83","12,85","-26,81","52,17"
74,285336883,"19,90","4,19","0,39","56,34",,78,285340723,"9,40","12,70","-16,21","51,26"
75,285337843,"11,20","4,47","9,18","56,41",,79,285341683,"0,00","13,16","3,79","52,42"
76,285338803,"19,91","4,20","9,28","56,45",,81,285343603,"36,81","12,54","6,98","52,58"
77,285339763,"29,19","4,51","0,08","55,50",,82,285344563,"25,93","12,12","1,05","51,61"
78,285340723,"19,41","4,27","0,67","55,58",,83,285345523,"5,10","12,30","15,94","52,75"
79,285341683,"10,22","4,61","10,45","56,74",,84,285346483,"56,38","13,80","-20,43","52,78"
80,285342643,"29,66","4,93","0,79","55,90",,85,285347443,"18,36","13,04","-18,79","52,81"
81,285343603,"20,72","4,66","0,08","56,03",,86,285348403,"27,15","12,67","-25,95","52,74"
82,285344563,"20,04","4,37","0,03","57,20",,87,285349363,"0,21","13,12","-6,16","53,82"
83,285345523,"9,44","4,76","10,59","57,26",,88,285350323,"11,39","12,84","2,45","52,86"
84,285346483,"30,77","5,14","-0,18","56,21",,89,285351283,"17,94","12,16","4,51","52,98"
85,285347443,"18,98","4,88","0,84","56,24",,90,285352243,"19,46","11,44","5,05","54,14"
86,285348403,"21,27","4,65","-0,43","56,17",,91,285353203,"12,82","11,17","12,23","55,28"
87,285349363,"9,82","5,00","9,75","56,25",,92,285354163,"38,35","11,62","-6,12","53,01"
88,285350323,"29,60","5,29","0,15","56,30",,93,285355123,"34,37","11,79","-20,49","53,10"
89,285351283,"20,40","4,98","-0,25","56,42",,94,285356083,"2,87","12,12","-3,37","54,27"
90,285352243,"19,66","4,69","0,10","57,58",,95,285357043,"3,73","12,38","12,90","55,33"
91,285353203,"9,78","5,04","10,32","56,42",,96,285358003,"28,58","12,15","4,33","55,34"
92,285354163,"20,48","4,75","9,84","56,44",,97,285358963,"36,77","12,44","-12,44","55,32"
93,285355123,"30,63","5,12","-0,79","56,53",,98,285359923,"2,46","12,75","5,09","56,46"
94,285356083,"9,07","5,48","10,14","57,70",,99,285360883,"16,76","12,16","8,34","55,24"
95,285357043,"10,64","5,73","19,50","57,65",,100,285361843,"47,24","13,10","-18,90","54,05"
96,285358003,"39,43","6,58","0,07","56,54",,101,285362803,"3,15","13,34","-2,05","55,10"
97,285358963,"19,83","6,18","0,24","57,64",,102,285363763,"45,12","14,07","-27,17","52,86"
98,285359923,"19,51","5,83","0,73","56,46",,103,285364723,"2,23","14,30","-9,40","52,79"
99,285360883,"9,81","6,10","10,92","57,56",,104,285365683,"0,48","14,63","10,13","53,90"
100,285361843,"30,13","6,35","0,78","56,37",,105,285366643,"23,15","13,91","6,98","55,06"
101,285362803,"19,80","5,97","0,98","56,32",,106,285367603,"18,18","13,16","8,79","55,10"
102,285363763,"21,21","5,67","-0,22","56,28",,108,285369523,"32,75","12,79","16,05","54,07"
103,285364723,"9,03","6,00","10,74","57,38",,109,285370483,"57,83","14,35","-21,78","53,20"
104,285365683,"30,23","6,26","0,51","56,22",,110,285371443,"0,06","14,70","-1,84","54,45"
105,285366643,"20,43","5,90","0,09","56,28",,111,285372403,"3,88","14,79","14,28","55,60"
106,285367603,"19,63","5,55","0,46","56,26",,112,285373363,"36,16","14,88","-1,88","54,63"
107,285368563,"10,71","5,79","9,75","56,36",,113,285374323,"42,11","15,33","-23,99","54,62"
108,285369523,"20,51","5,46","9,24","56,46",,114,285375283,"0,11","15,61","-4,10","55,78"
109,285370483,"29,33","5,70","-0,09","56,65",,115,285376243,"30,95","15,32","-15,05","54,67"
110,285371443,"19,90","5,35","0,01","56,86",,116,285377203,"17,38","14,53","-12,43","54,70"
111,285372403,"10,57","5,60","9,44","56,93",,117,285378163,"2,17","14,73","5,40","55,80"
112,285373363,"18,66","5,34","10,78","58,08",,118,285379123,"46,89","15,49","-21,49","54,67"
113,285374323,"30,27","5,65","0,51","56,93",,119,285380083,"2,44","15,62","-3,93","55,75"
114,285375283,"19,89","5,30","0,62","58,09",,120,285381043,"27,16","15,09","-11,09","55,74"
115,285376243,"10,06","5,59","10,56","58,15",,122,285382963,"44,47","14,43","-15,56","54,53"
116,285377203,"20,82","5,29","9,75","58,13",,123,285383923,"4,68","14,49","-0,24","55,54"
117,285378163,"29,18","5,53","0,57","56,99",,124,285384883,"4,12","14,57","15,64","55,48"
118,285379123,"19,36","5,23","1,21","58,17",,125,285385843,"38,94","14,85","-3,30","55,36"
119,285380083,"11,10","5,46","10,11","58,06",,126,285386803,"11,95","14,42","4,75","53,01"
120,285381043,"19,93","5,12","10,18","58,05",,127,285387763,"10,61","14,11","14,14","54,01"
121,285382003,"29,67","5,41","0,51","56,88",,128,285388723,"40,24","14,49","-6,10","55,02"
122,285382963,"19,78","5,08","0,73","57,98",,129,285389683,"29,63","14,19","-15,72","52,58"
123,285383923,"9,93","5,39","10,81","57,89",,130,285390643,"24,41","13,57","-20,13","52,42"
124,285384883,"19,59","5,08","11,21","57,77",,131,285391603,"0,11","13,97","-0,24","53,52"
125,285385843,"30,81","5,44","0,40","56,53",,132,285392563,"33,08","13,91","-13,32","52,34"
126,285386803,"19,77","5,11","0,63","56,46",,133,285393523,"2,94","14,11","3,74","53,43"
127,285387763,"10,03","5,42","10,61","57,46",,134,285394483,"25,72","13,59","-1,97","54,57"
128,285388723,"19,73","5,10","10,88","57,33",,135,285395443,"8,37","13,46","9,66","55,69"
129,285389683,"29,93","5,40","0,95","56,04",,137,285397363,"34,55","12,96","15,11","54,57"
130,285390643,"21,43","5,15","-0,48","55,89",,138,285398323,"31,43","12,87","3,68","53,39"
131,285391603,"8,97","5,52","10,54","56,99",,139,285399283,"12,18","12,55","11,51","53,37"
132,285392563,"19,69","5,19","10,86","56,93",,140,285400243,"19,94","11,77","11,56","53,26"
133,285393523,"30,63","5,53","0,23","55,70",,141,285401203,"37,68","12,14","-6,12","52,02"
134,285394483,"19,98","5,19","0,24","56,84",,143,285403123,"16,89","12,83","16,99","53,18"
135,285395443,"10,16","5,48","10,08","56,86",,144,285404083,"28,55","12,56","8,44","53,07"
136,285396403,"20,54","5,17","9,55","56,89",,145,285405043,"35,58","12,75","-7,14","50,73"
137,285397363,"19,01","4,91","10,54","56,90",,146,285406003,"25,01","12,26","-12,15","50,66"
138,285398323,"30,09","5,23","0,45","56,84",,147,285406963,"19,44","11,53","-11,59","51,74"
139,285399283,"10,48","5,50","9,97","56,82",,148,285407923,"19,75","10,83","-11,34","50,49"
140,285400243,"20,79","5,21","9,18","56,70",,149,285408883,"0,21","11,39","8,45","51,55"
141,285401203,"18,98","4,94","10,20","55,47",,150,285409843,"41,79","12,04","-13,34","51,56"
142,285402163,"29,27","5,21","0,93","55,32",,151,285410803,"8,22","12,02","-1,56","51,60"
143,285403123,"10,45","5,49","10,48","56,47",,152,285411763,"4,53","12,24","13,91","51,60"
144,285404083,"21,23","5,22","9,26","55,15",,153,285412723,"22,46","11,63","11,45","52,62"
145,285405043,"18,22","5,00","11,03","55,18",,154,285413683,"50,94","12,83","-19,48","49,25"
146,285406003,"30,66","5,36","0,38","56,24",,155,285414643,"10,06","12,65","-9,55","50,38"
147,285406963,"9,91","5,65","10,47","56,19",,156,285415603,"26,82","12,29","-16,36","50,44"
148,285407923,"20,14","5,31","10,33","56,09",,157,285416563,"12,66","11,98","-9,03","50,47"
149,285408883,"19,74","4,99","10,59","54,91",,158,285417523,"27,58","11,70","-16,61","51,51"
150,285409843,"29,85","5,30","0,74","54,96",,159,285418483,"13,65","11,37","-10,26","52,55"
151,285410803,"10,22","5,58","10,52","56,06",,160,285419443,"17,84","10,79","-8,10","50,07"
152,285411763,"19,57","5,26","10,95","56,06",,161,285420403,"0,11","11,36","11,79","51,33"
153,285412723,"21,00","4,99","9,95","54,90",,162,285421363,"46,87","12,33","-15,08","51,40"
154,285413683,"29,18","5,25","0,76","55,98",,163,285422323,"0,30","12,79","4,62","52,54"
155,285414643,"10,15","5,54","10,61","55,99",,164,285423283,"5,83","12,88","18,79","53,71"
156,285415603,"19,95","5,20","10,66","56,04",,165,285424243,"33,21","12,90","5,58","52,53"
157,285416563,"20,75","4,92","9,92","56,09",,166,285425203,"30,98","12,78","-5,41","52,47"
158,285417523,"28,68","5,15","1,24","54,84",,167,285426163,"0,00","13,23","14,59","53,60"
159,285418483,"11,19","5,38","10,04","55,88",,169,285428083,"65,00","13,97","-10,41","50,18"
160,285419443,"20,20","5,06","9,84","55,80",,171,285430003,"37,13","13,27","-7,54","50,22"
161,285420403,"20,42","4,77","9,42","54,66",,172,285430963,"1,23","13,62","11,23","51,29"
162,285421363,"29,42","5,06","0,00","54,73",,173,285431923,"38,87","13,94","-7,64","49,21"
163,285422323,"9,77","5,38","10,24","55,87",,174,285432883,"1,65","14,22","10,71","50,37"
164,285423283,"20,56","5,08","9,68","55,90",,175,285433843,"25,54","13,68","5,17","51,42"
165,285424243,"19,78","4,78","9,89","54,67",,176,285434803,"39,28","14,03","-14,10","49,36"
166,285425203,"19,87","4,49","10,02","55,80",,177,285435763,"15,08","13,46","-9,18","50,40"
167,285426163,"19,78","4,22","10,24","55,78",,178,285436723,"20,72","12,66","-9,90","50,48"
168,285427123,"20,03","3,96","10,21","55,85",,179,285437683,"0,00","13,12","10,10","51,51"
169,285428083,"21,27","3,79","8,95","54,68",,180,285438643,"28,77","12,85","1,33","51,69"
170,285429043,"18,97","3,62","9,97","54,64",,181,285439603,"14,61","12,38","6,72","52,92"
171,285430003,"19,57","3,42","10,41","55,79",,182,285440563,"35,04","12,55","-8,32","51,93"
172,285430963,"20,48","3,23","9,92","55,72",,184,285442483,"14,94","13,33","16,74","50,83"
173,285431923,"19,98","3,03","9,94","54,69",,185,285443443,"40,55","13,78","-3,81","49,71"
174,285432883,"20,67","2,89","9,27","54,80",,186,285444403,"10,70","13,50","5,49","50,85"
175,285433843,"18,46","2,80","10,81","55,85",,187,285445363,"37,13","13,73","-11,65","50,78"
176,285434803,"20,04","2,63","10,77","55,82",,188,285446323,"16,26","13,10","-7,90","50,90"
177,285435763,"20,90","2,52","9,88","54,83",,189,285447283,"4,59","13,25","7,50","50,94"
178,285436723,"19,92","2,37","9,95","54,91",,190,285448243,"36,46","13,45","-8,95","51,04"
179,285437683,"20,52","2,25","9,43","55,94",,191,285449203,"20,24","12,62","-9,20","51,13"
180,285438643,"18,25","2,22","11,19","56,12",,193,285451123,"16,27","13,32","14,53","51,08"
181,285439603,"20,91","2,14","10,28","55,22",,194,285452083,"41,01","13,80","-6,48","51,09"
182,285440563,"19,52","2,04","10,77","55,22",,195,285453043,"13,34","13,35","0,18","52,03"
183,285441523,"20,07","1,91","10,70","56,30",,196,285454003,"26,68","12,93","-6,50","52,05"
184,285442483,"20,95","1,85","9,75","56,34",,197,285454963,"26,70","12,55","-13,19","50,94"
185,285443443,"19,95","1,74","9,80","55,22",,198,285455923,"14,83","12,08","-8,02","51,94"
186,285444403,"20,31","1,65","9,48","55,18",,199,285456883,"0,24","12,56","11,73","53,01"
187,285445363,"23,10","1,74","6,39","55,11",,200,285457843,"17,71","11,92","14,03","51,96"
188,285446323,"15,60","1,91","10,79","56,25",,201,285458803,"46,26","12,82","-12,23","49,67"
189,285447283,"21,03","1,85","9,76","55,28",,203,285460723,"37,16","12,19","-9,39","49,68"
190,285448243,"18,79","1,81","10,97","56,43",,204,285461683,"19,46","11,47","-8,85","50,70"
191,285449203,"21,11","1,77","9,86","55,46",,205,285462643,"34,38","11,65","-23,23","49,56"
192,285450163,"19,92","1,66","9,94","56,58",,206,285463603,"0,00","12,17","-3,23","50,61"
193,285451123,"20,68","1,60","9,26","55,53",,207,285464563,"27,27","11,86","-10,50","49,22"
194,285452083,"19,50","1,53","9,77","56,59",,208,285465523,"12,32","11,60","-2,82","50,33"
195,285453043,"19,39","1,47","10,37","55,39",,209,285466483,"25,49","11,22","-8,31","50,31"
196,285454003,"19,32","1,43","11,05","56,50",,210,285467443,"11,13","11,07","0,56","50,34"
197,285454963,"21,16","1,41","9,89","55,39",,211,285468403,"32,59","11,17","-12,04","48,96"
198,285455923,"19,70","1,34","10,19","55,39",,212,285469363,"16,36","10,70","-8,40","49,92"
199,285456883,"19,86","1,26","10,33","55,39",,213,285470323,"22,41","10,18","-10,81","47,34"
200,285457843,"19,49","1,22","10,84","56,41",,214,285471283,"0,00","10,79","9,19","48,29"
201,285458803,"20,45","1,17","10,39","55,18",,215,285472243,"36,14","11,13","-6,95","48,11"
202,285459763,"19,56","1,12","10,83","55,08",,216,285473203,"22,93","10,62","-9,88","46,92"
203,285460723,"20,36","1,08","10,47","56,11",,217,285474163,"28,83","10,50","-18,70","47,89"
204,285461683,"20,43","1,04","10,04","56,10",,218,285475123,"4,92","10,79","-3,62","48,86"
205,285462643,"19,32","1,01","10,72","56,10",,219,285476083,"14,23","10,48","2,15","49,86"
206,285463603,"20,50","0,98","10,21","54,81",,220,285477043,"10,74","10,40","11,41","50,80"
207,285464563,"19,37","0,96","10,84","55,82",,221,285478003,"48,33","11,52","-16,92","48,38"
208,285465523,"21,46","0,99","9,38","55,74",,222,285478963,"17,00","10,99","-13,92","49,33"
209,285466483,"18,35","1,03","11,03","55,72",,224,285480883,"20,20","11,54","5,88","48,08"
210,285467443,"20,54","1,00","10,49","55,74",,225,285481843,"36,46","11,85","-10,58","47,99"
211,285468403,"19,94","0,94","10,55","55,62",,226,285482803,"0,00","12,36","9,42","48,98"
212,285469363,"20,71","0,93","9,84","55,33",,227,285483763,"12,51","12,05","16,91","49,98"
213,285470323,"19,31","0,91","10,53","55,06",,228,285484723,"43,36","12,76","-6,45","48,90"
214,285471283,"20,27","0,87","10,26","54,86",,229,285485683,"1,37","13,13","12,19","49,89"
215,285472243,"19,66","0,84","10,61","54,64",,230,285486643,"44,77","13,85","-12,58","47,52"
216,285473203,"20,77","0,84","9,84","53,46",,231,285487603,"24,76","13,29","-17,35","47,22"
217,285474163,"19,62","0,81","10,22","53,30",,232,285488563,"8,99","13,14","-6,34","48,17"
218,285475123,"19,54","0,79","10,68","54,27",,233,285489523,"20,40","12,35","-6,74","46,86"
219,285476083,"19,89","0,74","10,79","54,10",,234,285490483,"2,07","12,70","11,19","47,83"
220,285477043,"20,29","0,71","10,50","53,95",,235,285491443,"42,34","13,30","-11,14","47,63"
221,285478003,"19,91","0,68","10,60","53,77",,236,285492403,"13,79","12,86","-4,93","47,42"
222,285478963,"20,13","0,64","10,46","53,56",,237,285493363,"14,21","12,41","0,86","48,35"
223,285479923,"19,52","0,63","10,94","53,48",,238,285494323,"36,44","12,67","-15,58","46,00"
224,285480883,"21,51","0,69","9,43","53,39",,239,285495283,"18,53","11,97","-14,11","47,02"
225,285481843,"18,68","0,73","10,75","52,14",,240,285496243,"1,31","12,39","4,58","47,96"
226,285482803,"21,15","0,75","9,61","52,11",,241,285497203,"38,45","12,77","-13,87","46,56"
227,285483763,"18,86","0,78","10,75","53,10",,242,285498163,"16,19","12,21","-10,06","46,37"
228,285484723,"20,59","0,77","10,16","53,05",,243,285499123,"17,38","11,61","-7,44","47,33"
229,285485683,"19,62","0,74","10,54","52,95",,244,285500083,"5,16","11,81","7,41","48,38"
230,285486643,"20,67","0,74","9,87","51,67",,245,285501043,"44,85","12,62","-17,44","47,30"
231,285487603,"19,36","0,73","10,51","52,61",,246,285502003,"0,00","13,08","2,56","48,26"
232,285488563,"19,71","0,70","10,79","52,32",,247,285502963,"2,47","13,36","20,08","49,16"
233,285489523,"20,10","0,66","10,69","51,06",,248,285503923,"55,32","14,73","-15,23","45,87"
234,285490483,"19,93","0,63","10,76","52,03",,249,285504883,"0,00","15,06","4,77","46,88"
235,285491443,"19,77","0,60","10,99","51,84",,250,285505843,"17,55","14,27","7,21","46,86"
236,285492403,"20,72","0,61","10,27","51,62",,251,285506803,"47,36","15,09","-20,15","46,90"
237,285493363,"21,03","0,64","9,24","51,42",,252,285507763,"0,00","15,40","-0,15","48,02"
238,285494323,"18,30","0,70","10,94","51,34",,253,285508723,"14,78","14,76","5,07","49,14"
239,285495283,"21,53","0,75","9,41","50,10",,254,285509683,"14,26","14,20","10,81","50,26"
240,285496243,"18,93","0,77","10,48","49,88",,255,285510643,"44,05","14,82","-13,25","49,30"
241,285497203,"19,72","0,74","10,76","50,78",,256,285511603,"14,22","14,25","-7,47","48,26"
242,285498163,"20,23","0,71","10,53","50,54",,257,285512563,"17,10","13,54","-4,57","49,30"
243,285499123,"19,79","0,68","10,74","50,38",,258,285513523,"29,68","13,30","-14,25","48,22"
244,285500083,"20,47","0,67","10,27","50,34",,259,285514483,"0,92","13,66","4,83","49,29"
245,285501043,"20,26","0,64","10,01","49,25",,260,285515443,"23,21","13,01","1,62","49,35"
246,285502003,"20,22","0,61","9,79","49,11",,261,285516403,"41,03","13,51","-19,41","48,39"
247,285502963,"19,29","0,62","10,50","50,01",,262,285517363,"0,13","13,91","0,46","49,44"
248,285503923,"19,71","0,60","10,79","49,89",,263,285518323,"6,78","13,86","13,68","50,52"
249,285504883,"20,35","0,58","10,44","49,90",,264,285519283,"20,59","13,03","13,09","50,71"
250,285505843,"20,99","0,61","9,45","48,82",,265,285520243,"49,14","14,04","-16,05","48,92"
251,285506803,"19,70","0,59","9,75","48,85",,266,285521203,"0,01","14,41","3,94","49,90"
252,285507763,"19,44","0,59","10,32","49,01",,267,285522163,"7,23","14,31","16,71","50,87"
253,285508723,"19,77","0,57","10,55","50,14",,268,285523123,"56,76","15,71","-20,05","47,86"
254,285509683,"19,75","0,55","10,80","50,22",,269,285524083,"0,00","15,98","-0,05","48,84"
255,285510643,"21,06","0,58","9,74","49,22",,270,285525043,"33,59","15,83","-13,64","48,89"
256,285511603,"19,82","0,55","9,92","49,26",,271,285526003,"37,97","15,97","-31,62","48,97"
257,285512563,"20,81","0,57","9,10","49,28",,272,285526963,"3,13","16,02","-14,74","48,96"
258,285513523,"28,82","1,08","0,28","49,21",,273,285527923,"16,88","15,22","-11,63","49,94"
259,285514483,"10,42","1,62","9,87","49,26",,274,285528883,"2,65","15,35","5,72","49,89"
260,285515443,"29,14","2,09","0,73","49,28",,275,285529843,"43,89","15,88","-18,17","48,87"
261,285516403,"21,40","2,04","-0,67","49,38",,276,285530803,"0,00","16,14","1,83","49,80"
262,285517363,"9,11","2,60","10,21","50,43",,277,285531763,"28,19","15,64","-6,36","49,71"
263,285518323,"19,53","2,46","10,69","50,55",,278,285532723,"24,34","14,94","-10,70","48,62"
264,285519283,"21,16","2,38","9,53","49,80",,279,285533683,"13,74","14,39","-4,44","49,56"
265,285520243,"18,59","2,32","10,93","50,86",,280,285534643,"29,28","14,08","-13,72","49,56"
266,285521203,"20,52","2,21","10,42","50,89",,281,285535603,"26,27","13,59","-20,00","49,60"
267,285522163,"19,91","2,08","10,51","50,80",,282,285536563,"13,85","13,12","-13,85","49,62"
268,285523123,"20,30","1,97","10,21","49,86",,283,285537523,"27,78","12,79","-21,62","48,66"
269,285524083,"19,91","1,85","10,30","49,83",,284,285538483,"25,43","12,33","-27,05","49,66"
270,285525043,"20,92","1,79","9,38","49,88",,285,285539443,"4,04","12,56","-11,09","50,82"
271,285526003,"19,10","1,73","10,27","49,96",,286,285540403,"28,46","12,30","-19,55","49,19"
272,285526963,"31,81","2,36","-1,54","49,95",,287,285541363,"0,11","12,77","0,34","50,32"
273,285527923,"9,44","2,88","9,02","49,94",,288,285542323,"34,72","12,90","-14,38","51,44"
274,285528883,"18,75","2,77","10,27","50,89",,289,285543283,"18,26","12,20","-12,64","51,62"
275,285529843,"19,79","2,61","10,48","49,86",,290,285544243,"9,15","12,11","-1,78","50,73"
276,285530803,"19,62","2,47","10,86","50,79",,291,285545203,"16,39","11,58","1,82","51,82"
277,285531763,"21,31","2,40","9,55","49,71",,292,285546163,"27,83","11,35","-6,01","51,98"
278,285532723,"18,55","2,34","11,00","50,60",,293,285547123,"9,71","11,28","4,28","52,08"
279,285533683,"20,88","2,25","10,12","49,56",,294,285548083,"56,77","12,87","-32,49","51,00"
280,285534643,"19,55","2,14","10,57","50,50",,296,285550003,"4,69","14,28","2,82","51,96"
281,285535603,"30,77","2,68","-0,20","49,60",,297,285550963,"58,09","15,77","-35,27","48,27"
282,285536563,"9,78","3,15","10,01","49,62",,298,285551923,"0,00","16,03","-15,27","49,26"
283,285537523,"28,96","3,51","1,05","49,64",,299,285552883,"11,32","15,57","-6,59","50,30"
284,285538483,"20,76","3,34","0,29","49,66",,300,285553843,"9,14","15,28","4,27","50,27"
285,285539443,"10,44","3,73","9,85","49,88",,301,285554803,"44,82","15,87","-20,55","49,16"
286,285540403,"31,47","4,21","-1,62","50,13",,302,285555763,"13,88","15,26","-14,44","50,09"
287,285541363,"0,02","5,20","18,36","51,26",,303,285556723,"0,03","15,56","5,54","51,02"
288,285542323,"28,90","5,43","9,47","50,47",,304,285557683,"50,38","16,48","-24,85","49,83"
289,285543283,"20,19","5,10","9,27","50,60",,305,285558643,"0,00","16,70","-4,85","50,97"
290,285544243,"29,97","5,41","-0,70","50,73",,306,285559603,"14,04","16,03","1,11","50,96"
291,285545203,"0,01","6,32","19,29","51,82",,307,285560563,"2,75","16,11","18,35","52,20"
292,285546163,"39,12","7,12","0,17","51,07",,308,285561523,"65,11","17,92","-26,76","49,16"
293,285547123,"19,32","6,72","0,85","51,12",,309,285562483,"0,01","18,05","-6,77","50,32"
294,285548083,"19,76","6,31","1,09","51,00",,310,285563443,"33,79","17,78","-20,56","50,30"
295,285549043,"10,19","6,53","10,90","51,94",,311,285564403,"8,84","17,37","-9,40","51,34"
296,285550003,"30,69","6,79","0,21","51,01",,312,285565363,"5,13","17,21","5,48","52,39"
297,285550963,"20,24","6,38","-0,03","51,12",,313,285566323,"45,51","17,73","-20,03","49,11"
298,285551923,"19,87","5,99","0,10","51,20",,314,285567283,"15,37","16,91","-15,40","50,29"
299,285552883,"10,19","6,23","9,91","51,24",,315,285568243,"13,48","16,26","-8,88","51,47"
300,285553843,"30,94","6,52","-1,03","51,21",,316,285569203,"20,93","15,31","-9,81","49,62"
301,285554803,"19,27","6,16","-0,30","51,22",,317,285570163,"33,05","15,16","-22,86","50,78"
302,285555763,"19,83","5,79","-0,13","51,02",,318,285571123,"0,00","15,47","-2,86","52,02"
303,285556723,"9,35","6,09","10,52","50,82",,319,285572083,"22,48","14,65","-5,34","51,20"
304,285557683,"30,35","6,36","0,17","50,77",,320,285573043,"26,15","14,12","-11,49","52,30"
305,285558643,"11,67","6,48","8,50","50,81",,321,285574003,"18,17","13,35","-9,66","52,45"
306,285559603,"27,83","6,56","0,67","50,82",,322,285574963,"4,52","13,49","5,82","53,59"
307,285560563,"10,89","6,72","9,78","52,06",,323,285575923,"26,23","13,03","-0,41","52,82"
308,285561523,"29,03","6,87","0,75","52,20",,324,285576883,"40,11","13,48","-20,52","52,04"
309,285562483,"20,41","6,46","0,34","51,26",,325,285577843,"35,78","13,62","-36,30","51,32"
310,285563443,"20,52","6,09","-0,18","51,24",,326,285578803,"1,80","13,91","-18,10","52,45"
311,285564403,"9,15","6,39","10,67","52,28",,327,285579763,"0,27","14,27","1,63","53,55"
312,285565363,"30,83","6,67","-0,16","51,17",,328,285580723,"28,15","13,89","-6,52","53,75"
313,285566323,"19,57","6,28","0,27","51,20",,329,285581683,"29,67","13,62","-16,19","53,12"
314,285567283,"20,00","5,88","0,27","51,22",,330,285582643,"7,04","13,58","-3,23","54,31"
315,285568243,"10,89","6,09","9,39","51,35",,331,285583603,"27,74","13,22","-10,97","54,57"
316,285569203,"18,39","5,81","10,99","52,51",,332,285584563,"0,00","13,64","9,03","55,78"
317,285570163,"30,80","6,12","0,19","51,71",,333,285585523,"27,75","13,27","1,28","55,09"
318,285571123,"20,70","5,78","-0,50","51,95",,334,285586483,"51,64","14,42","-30,36","54,34"
319,285572083,"9,42","6,08","10,08","52,14",,335,285587443,"0,00","14,77","-10,36","55,54"
320,285573043,"20,86","5,75","9,21","52,25",,336,285588403,"19,20","13,90","-9,56","55,65"
321,285574003,"29,02","5,96","0,20","52,41",,337,285589363,"17,83","13,16","-7,39","54,61"
322,285574963,"20,22","5,60","-0,03","53,55",,338,285590323,"36,96","13,40","-24,34","54,71"
323,285575923,"9,61","5,90","10,36","53,76",,339,285591283,"11,72","13,08","-16,07","54,75"
324,285576883,"30,44","6,18","-0,07","52,98",,340,285592243,"0,07","13,51","3,87","55,94"
325,285577843,"19,59","5,82","0,33","53,18",,341,285593203,"46,91","14,35","-23,05","55,00"
326,285578803,"20,43","5,48","-0,10","53,38",,342,285594163,"0,00","14,70","-3,05","56,23"
327,285579763,"9,42","5,80","10,48","54,49",,343,285595123,"11,58","14,31","5,37","56,34"
328,285580723,"20,27","5,46","10,21","53,80",,344,285596083,"5,69","14,31","19,68","56,54"
329,285581683,"30,06","5,75","0,15","54,06",,345,285597043,"48,58","15,20","-8,89","57,67"
330,285582643,"19,39","5,42","0,75","54,31",,346,285598003,"7,38","15,04","3,73","57,88"
331,285583603,"10,24","5,69","10,51","55,50",,347,285598963,"34,69","15,02","-10,96","58,05"
332,285584563,"20,30","5,36","10,21","55,74",,348,285599923,"14,87","14,40","-5,83","59,18"
333,285585523,"30,76","5,70","-0,55","55,05",,349,285600883,"3,27","14,55","10,90","60,27"
334,285586483,"18,68","5,42","0,77","56,27",,350,285601843,"40,67","14,93","-9,77","57,38"
335,285587443,"10,48","5,68","10,30","56,48",,351,285602803,"39,34","15,20","-29,11","57,46"
336,285588403,"19,81","5,34","10,49","56,58",,353,285604723,"0,44","16,73","10,45","58,64"
337,285589363,"20,98","5,06","9,51","55,54",,354,285605683,"61,36","18,27","-30,90","55,69"
338,285590323,"29,24","5,32","0,27","55,65",,355,285606643,"0,00","18,37","-10,91","56,94"
339,285591283,"10,71","5,57","9,57","56,84",,356,285607603,"19,13","17,28","-10,03","55,83"
340,285592243,"20,46","5,25","9,11","56,88",,357,285608563,"0,44","17,42","9,53","57,06"
341,285593203,"18,99","4,99","10,12","55,94",,358,285609523,"40,64","17,62","-11,11","58,30"
342,285594163,"30,59","5,34","-0,47","56,10",,359,285610483,"0,00","17,77","8,89","59,52"
343,285595123,"9,96","5,63","9,58","57,27",,360,285611443,"11,72","17,18","17,17","60,66"
344,285596083,"18,91","5,35","10,67","57,47",,361,285612403,"59,43","18,57","-22,26","56,34"
345,285597043,"20,24","5,03","10,43","56,74",,362,285613363,"14,29","17,77","-16,55","57,51"
346,285598003,"29,82","5,33","0,61","57,88",,363,285614323,"0,03","17,90","3,42","58,70"
347,285598963,"10,28","5,60","10,33","58,05",,364,285615283,"8,81","17,48","14,61","59,90"
348,285599923,"20,15","5,26","10,18","58,17",,365,285616243,"44,29","17,91","-9,68","57,62"
349,285600883,"21,53","5,03","8,65","57,23",,366,285617203,"0,15","18,03","10,17","58,85"
350,285601843,"30,06","5,34","-1,41","57,38",,367,285618163,"17,55","17,06","12,62","60,06"
351,285602803,"8,29","5,74","10,30","58,47",,368,285619123,"40,37","17,26","-7,74","57,64"
352,285603763,"19,95","5,39","10,35","58,59",,369,285620083,"18,14","16,30","-5,88","57,66"
353,285604723,"21,17","5,12","9,18","57,91",,372,285622963,"60,67","15,32","-6,55","55,43"
354,285605683,"28,50","5,33","0,68","59,01",,373,285623923,"0,00","15,62","13,45","56,59"
355,285606643,"10,16","5,61","10,52","59,20",,374,285624883,"16,11","14,88","17,34","56,58"
356,285607603,"20,22","5,28","10,30","59,29",,375,285625843,"50,21","15,84","-12,87","56,55"
357,285608563,"19,71","4,97","10,59","59,43",,376,285626803,"0,18","16,09","6,95","57,64"
358,285609523,"31,02","5,34","-0,43","58,25",,378,285628723,"65,53","16,68","-18,58","54,28"
359,285610483,"10,35","5,61","9,23","59,46",,379,285629683,"0,00","16,89","1,42","55,46"
360,285611443,"18,54","5,35","10,69","59,45",,380,285630643,"3,80","16,84","17,62","56,57"
361,285612403,"20,04","5,02","10,64","58,51",,381,285631603,"58,54","18,20","-20,92","52,88"
362,285613363,"31,52","5,43","-0,88","58,64",,382,285632563,"0,00","18,31","-0,92","53,98"
363,285614323,"7,98","5,84","11,14","59,83",,383,285633523,"1,22","18,34","17,86","55,10"
364,285615283,"22,36","5,62","8,78","59,92",,384,285634483,"25,96","17,57","11,89","54,98"
365,285616243,"18,96","5,34","9,82","59,94",,385,285635443,"45,24","18,05","-13,35","53,68"
366,285617203,"19,96","5,01","9,86","58,82",,387,285637363,"11,82","18,68","14,83","54,82"
367,285618163,"19,04","4,75","10,81","60,03",,388,285638323,"47,03","19,20","-12,21","53,47"
368,285619123,"21,20","4,53","9,61","60,01",,389,285639283,"0,04","19,25","7,75","54,60"
369,285620083,"19,62","4,27","9,99","58,78",,390,285640243,"18,93","18,11","8,83","54,58"
370,285621043,"19,67","4,03","10,32","59,94",,391,285641203,"57,08","19,30","-28,25","50,90"
371,285622003,"19,71","3,79","10,61","59,94",,392,285642163,"0,77","19,30","-9,03","52,01"
372,285622963,"20,01","3,56","10,60","59,95",,393,285643123,"0,00","19,34","10,97","53,14"
373,285623923,"20,96","3,39","9,63","58,82",,394,285644083,"41,42","19,47","-10,45","51,90"
374,285624883,"21,27","3,26","8,36","59,96",,395,285645043,"23,27","18,46","-13,72","51,86"
375,285625843,"17,97","3,18","10,39","59,93",,396,285646003,"0,00","18,55","6,28","53,02"
376,285626803,"20,79","3,03","9,60","59,87",,397,285646963,"32,40","18,17","-6,12","52,95"
377,285627763,"19,24","2,89","10,36","58,77",,398,285647923,"30,02","17,66","-16,13","50,70"
378,285628723,"20,46","2,74","9,90","58,78",,399,285648883,"0,39","17,78","3,48","51,82"
379,285629683,"20,84","2,62","9,06","59,96",,400,285649843,"17,35","16,84","6,13","52,93"
380,285630643,"19,28","2,50","9,79","59,88",,401,285650803,"44,43","17,31","-18,30","52,90"
381,285631603,"18,91","2,42","10,88","59,79",,402,285651763,"11,38","16,77","-9,68","51,73"
382,285632563,"20,70","2,31","10,18","58,49",,403,285652723,"22,40","15,87","-12,08","52,88"
383,285633523,"19,75","2,18","10,43","59,60",,404,285653683,"0,00","16,13","7,92","54,06"
384,285634483,"20,64","2,08","9,78","59,49",,405,285654643,"38,78","16,29","-10,86","55,18"
385,285635443,"19,95","1,96","9,84","58,18",,406,285655603,"10,59","15,86","-1,45","53,95"
386,285636403,"19,13","1,89","10,70","59,33",,408,285657523,"29,47","15,53","9,08","52,68"
387,285637363,"19,59","1,80","11,12","59,20",,409,285658483,"12,18","15,05","16,91","53,84"
388,285638323,"21,30","1,76","9,82","59,12",,410,285659443,"57,95","16,48","-21,04","51,35"
389,285639283,"19,50","1,69","10,31","59,02",,411,285660403,"9,01","16,14","-10,06","52,50"
390,285640243,"19,88","1,59","10,43","59,03",,412,285661363,"0,00","16,38","9,94","53,70"
391,285641203,"20,31","1,51","10,11","57,78",,413,285662323,"14,60","15,69","15,34","53,62"
392,285642163,"20,07","1,42","10,04","58,89",,415,285664243,"63,93","16,21","-8,59","51,18"
393,285643123,"19,66","1,35","10,38","58,79",,416,285665203,"0,00","16,44","11,41","52,41"
394,285644083,"20,33","1,29","10,04","57,55",,417,285666163,"40,67","16,71","-9,26","49,94"
395,285645043,"19,65","1,23","10,40","57,50",,418,285667123,"14,57","16,00","-3,83","51,18"
396,285646003,"20,66","1,19","9,73","58,67",,419,285668083,"26,78","15,43","-10,62","50,06"
397,285646963,"19,94","1,12","9,79","57,47",,420,285669043,"17,97","14,59","-8,58","51,30"
398,285647923,"19,58","1,08","10,22","58,58",,421,285670003,"22,76","13,85","-11,35","52,46"
399,285648883,"19,52","1,04","10,70","58,57",,422,285670963,"11,82","13,50","-3,16","53,70"
400,285649843,"19,64","1,00","11,06","58,58",,423,285671923,"25,27","12,98","-8,44","51,52"
401,285650803,"20,57","0,97","10,49","58,54",,424,285672883,"5,10","13,10","6,47","52,69"
402,285651763,"20,09","0,92","10,41","58,55",,425,285673843,"37,12","13,35","-10,65","53,84"
403,285652723,"20,07","0,86","10,34","58,58",,426,285674803,"2,57","13,61","6,78","52,75"
404,285653683,"19,67","0,83","10,67","58,58",,427,285675763,"40,89","14,06","-14,10","53,86"
405,285654643,"19,70","0,80","10,97","58,61",,428,285676723,"0,02","14,43","5,88","55,00"
406,285655603,"20,76","0,79","10,21","57,25",,429,285677683,"20,37","13,55","5,51","56,10"
407,285656563,"19,95","0,75","10,26","57,26",,430,285678643,"41,30","14,04","-15,79","53,90"
408,285657523,"19,57","0,73","10,69","58,44",,431,285679603,"19,04","13,22","-14,83","55,10"
409,285658483,"20,57","0,72","10,11","58,36",,432,285680563,"20,97","12,46","-15,80","53,04"
410,285659443,"19,69","0,69","10,43","57,11",,433,285681523,"6,31","12,53","-2,11","54,24"
411,285660403,"20,64","0,69","9,79","57,09",,434,285682483,"8,83","12,45","9,06","54,29"
412,285661363,"19,27","0,69","10,52","58,28",,435,285683443,"36,69","12,71","-7,63","55,53"
413,285662323,"20,27","0,67","10,25","57,01",,436,285684403,"0,17","13,16","12,21","56,65"
414,285663283,"21,03","0,69","9,21","58,09",,437,285685363,"48,61","14,12","-16,41","55,50"
415,285664243,"18,75","0,72","10,47","58,02",,438,285686323,"3,69","14,26","-0,09","56,66"
416,285665203,"19,65","0,70","10,82","58,06",,439,285687283,"5,93","14,25","13,98","57,78"
417,285666163,"20,77","0,70","10,05","56,78",,440,285688243,"48,98","15,17","-15,00","55,39"
418,285667123,"19,87","0,67","10,19","58,02",,441,285689203,"30,46","14,87","-25,46","56,54"
419,285668083,"21,05","0,69","9,14","56,90",,442,285690163,"0,03","15,19","-5,49","57,63"
420,285669043,"18,87","0,72","10,27","56,98",,443,285691123,"18,26","14,35","-3,75","55,37"
421,285670003,"19,39","0,71","10,87","58,14",,444,285692083,"46,83","15,13","-30,59","55,42"
422,285670963,"20,45","0,70","10,42","57,14",,445,285693043,"5,96","15,06","-16,55","54,36"
423,285671923,"20,39","0,68","10,04","58,41",,446,285694003,"20,70","14,17","-17,25","55,49"
424,285672883,"21,78","0,75","8,26","57,28",,447,285694963,"5,53","14,19","-2,77","56,66"
425,285673843,"18,21","0,81","10,04","57,32",,448,285695923,"18,51","13,39","-1,28","56,74"
426,285674803,"19,84","0,77","10,20","58,43",,449,285696883,"54,65","14,72","-35,93","54,52"
427,285675763,"20,20","0,74","10,00","57,32",,450,285697843,"0,00","15,05","-15,93","55,65"
428,285676723,"19,80","0,70","10,20","58,46",,451,285698803,"0,00","15,36","4,07","56,90"
429,285677683,"21,01","0,72","9,19","58,45",,452,285699763,"12,51","14,87","11,56","58,22"
430,285678643,"19,15","0,73","10,04","58,48",,453,285700723,"46,87","15,62","-15,31","54,90"
431,285679603,"20,12","0,69","9,92","57,46",,454,285701683,"36,68","15,68","-31,99","55,00"
432,285680563,"19,80","0,66","10,12","57,62",,455,285702643,"0,01","15,95","-12,00","56,18"
433,285681523,"30,65","1,29","-0,54","57,70",,457,285704563,"42,66","15,12","-14,66","55,15"
434,285682483,"9,94","1,83","9,53","57,75",,458,285705523,"21,91","14,30","-16,58","55,19"
435,285683443,"9,48","2,38","20,05","58,99",,459,285706483,"14,60","13,74","-11,18","56,31"
436,285684403,"30,29","2,87","9,76","57,85",,460,285707443,"21,95","13,00","-13,13","57,41"
437,285685363,"30,43","3,34","-0,67","57,82",,462,285709363,"59,39","13,40","-32,51","53,95"
438,285686323,"9,79","3,77","9,54","57,80",,463,285710323,"0,01","13,81","-12,52","55,05"
439,285687283,"21,09","3,61","8,45","57,79",,464,285711283,"10,75","13,53","-3,27","56,18"
440,285688243,"28,46","3,91","-0,01","57,71",,465,285712243,"3,19","13,73","13,54","57,33"
441,285689203,"19,80","3,68","0,18","57,72",,466,285713203,"58,00","15,25","-24,46","56,14"
442,285690163,"11,32","3,99","8,86","57,70",,467,285714163,"3,46","15,33","-7,92","57,30"
443,285691123,"18,56","3,83","10,30","57,69",,468,285715123,"23,98","14,62","-11,91","56,05"
444,285692083,"29,88","4,21","0,42","57,74",,469,285716083,"0,00","14,96","8,09","57,15"
445,285693043,"20,17","3,96","0,25","57,85",,470,285717043,"43,41","15,49","-15,32","55,86"
446,285694003,"21,54","3,80","-1,29","57,81",,471,285718003,"0,18","15,76","4,50","56,94"
447,285694963,"9,74","4,21","8,97","57,91",,472,285718963,"36,42","15,80","-11,92","55,66"
448,285695923,"18,82","4,02","10,16","57,95",,473,285719923,"19,55","14,84","-11,47","55,58"
449,285696883,"29,77","4,38","0,39","57,94",,474,285720883,"0,78","15,11","7,75","56,82"
450,285697843,"19,79","4,12","0,61","57,97",,475,285721843,"13,33","14,59","14,42","56,90"
451,285698803,"10,68","4,44","9,92","58,14",,477,285723763,"65,56","15,27","-11,14","55,80"
452,285699763,"21,06","4,23","8,86","58,36",,479,285725683,"32,65","14,78","-3,79","53,55"
453,285700723,"28,57","4,50","0,29","58,40",,480,285726643,"30,83","14,53","-14,62","54,62"
454,285701683,"19,56","4,25","0,74","58,44",,481,285727603,"1,22","14,80","4,16","54,54"
455,285702643,"10,82","4,56","9,92","58,50",,482,285728563,"61,63","16,47","-37,48","50,91"
456,285703603,"20,47","4,30","9,45","58,55",,483,285729523,"0,00","16,69","-17,48","52,10"
457,285704563,"28,41","4,56","1,04","58,58",,484,285730483,"10,04","16,27","-7,52","53,34"
458,285705523,"21,18","4,35","-0,14","58,60",,485,285731443,"10,14","15,87","2,34","54,48"
459,285706483,"9,75","4,72","10,11","58,56",,486,285732403,"47,85","16,62","-25,50","53,32"
460,285707443,"20,01","4,42","10,10","58,54",,487,285733363,"0,00","16,83","-5,51","54,48"
461,285708403,"20,57","4,18","9,52","58,50",,488,285734323,"23,58","16,00","-9,09","52,26"
462,285709363,"29,04","4,49","0,49","58,41",,489,285735283,"35,45","15,97","-24,54","53,45"
463,285710323,"10,72","4,79","9,77","58,41",,490,285736243,"19,66","14,99","-24,20","53,55"
464,285711283,"19,46","4,52","10,31","59,54",,491,285737203,"0,17","15,29","-4,37","54,70"
465,285712243,"19,60","4,26","10,71","59,61",,493,285739123,"53,22","15,16","-17,59","52,42"
466,285713203,"30,18","4,63","0,54","58,42",,494,285740083,"1,64","15,36","0,78","53,58"
467,285714163,"9,99","4,97","10,54","59,58",,495,285741043,"9,88","15,04","10,90","54,74"
468,285715123,"19,63","4,68","10,91","59,58",,496,285742003,"51,38","16,06","-20,47","52,35"
469,285716083,"22,09","4,52","8,82","58,26",,498,285743923,"15,71","16,57","3,82","52,22"
470,285717043,"28,07","4,74","0,75","58,14",,499,285744883,"4,97","16,48","18,85","53,40"
471,285718003,"10,25","5,05","10,50","58,06",,500,285745843,"58,35","17,84","-19,51","49,96"
472,285718963,"20,53","4,77","9,97","57,94",,501,285746803,"15,64","17,00","-15,15","49,77"
473,285719923,"20,14","4,48","9,82","57,86",,502,285747763,"0,04","17,19","4,81","50,89"
474,285720883,"30,49","4,86","-0,66","57,94",,503,285748723,"50,93","18,04","-26,12","50,81"
475,285721843,"10,76","5,13","8,58","58,02",,504,285749683,"0,00","18,17","-6,12","51,93"
476,285722803,"17,65","4,96","10,93","59,28",,505,285750643,"17,98","17,16","-4,10","53,00"
477,285723763,"21,28","4,73","9,64","58,23",,506,285751603,"36,50","17,12","-20,60","51,74"
478,285724723,"28,92","4,99","0,72","58,33",,507,285752563,"0,00","17,30","-0,60","52,82"
479,285725683,"10,87","5,25","9,85","59,43",,508,285753523,"23,71","16,45","-4,32","52,66"
480,285726643,"20,31","4,94","9,54","58,19",,509,285754483,"0,13","16,66","15,55","53,86"
481,285727603,"18,78","4,71","10,76","59,31",,510,285755443,"49,97","17,49","-14,41","51,64"
482,285728563,"30,63","5,08","0,12","58,07",,511,285756403,"0,94","17,59","4,65","52,78"
483,285729523,"9,34","5,43","10,79","59,26",,512,285757363,"16,39","16,72","8,26","53,89"
484,285730483,"21,25","5,17","9,54","59,30",,513,285758323,"36,10","16,68","-7,85","55,03"
485,285731443,"18,58","4,93","10,95","58,02",,514,285759283,"35,07","16,58","-22,92","51,70"
486,285732403,"30,04","5,25","0,91","58,10",,515,285760243,"7,69","16,31","-10,61","52,82"
487,285733363,"10,42","5,52","10,49","59,26",,516,285761203,"11,69","15,81","-2,29","53,93"
488,285734323,"20,44","5,20","10,05","59,31",,517,285762163,"20,32","14,84","-2,61","54,98"
489,285735283,"19,83","4,89","10,22","59,34",,518,285763123,"1,60","15,07","15,79","55,97"
490,285736243,"31,69","5,31","-1,47","58,33",,519,285764083,"53,38","16,21","-17,60","52,42"
491,285737203,"8,20","5,72","10,33","59,48",,520,285765043,"0,00","16,45","2,40","53,47"
492,285738163,"20,71","5,41","9,62","59,44",,521,285766003,"6,72","16,25","15,69","54,49"
493,285739123,"20,13","5,08","9,49","58,31",,522,285766963,"23,84","15,47","11,85","53,29"
494,285740083,"29,77","5,37","-0,28","58,27",,523,285767923,"30,72","15,18","1,13","53,44"
495,285741043,"9,59","5,68","10,13","59,42",,524,285768883,"8,92","14,92","12,20","54,58"
496,285742003,"20,22","5,34","9,92","59,37",,525,285769843,"29,31","14,57","2,89","51,98"
497,285742963,"21,33","5,09","8,59","58,14",,526,285770803,"39,51","14,88","-16,62","53,02"
498,285743923,"27,96","5,27","0,62","58,05",,527,285771763,"11,26","14,50","-7,88","54,09"
499,285744883,"10,40","5,54","10,23","59,22",,529,285773683,"22,82","14,66","9,30","54,14"
500,285745843,"19,57","5,22","10,66","59,31",,530,285774643,"40,15","15,01","-10,85","54,21"
501,285746803,"19,62","4,92","11,04","59,31",,531,285775603,"23,82","14,31","-14,67","53,17"
502,285747763,"26,28","5,01","4,75","57,86",,532,285776563,"28,39","13,94","-23,06","54,33"
503,285748723,"14,49","5,04","10,26","58,97",,533,285777523,"6,46","13,91","-9,51","55,56"
504,285749683,"19,65","4,74","10,61","58,90",,534,285778483,"3,90","14,05","6,59","56,76"
505,285750643,"20,52","4,48","10,10","58,74",,535,285779443,"34,93","14,10","-8,35","53,14"
506,285751603,"29,02","4,76","1,08","57,54",,536,285780403,"35,90","14,22","-24,25","54,38"
507,285752563,"9,97","5,09","11,11","58,62",,537,285781363,"0,00","14,58","-4,25","55,54"
508,285753523,"20,47","4,80","10,64","58,46",,538,285782323,"9,49","14,32","6,26","54,31"
509,285754483,"20,50","4,53","10,14","58,46",,539,285783283,"35,30","14,38","-9,04","54,34"
510,285755443,"29,97","4,87","0,17","57,44",,540,285784243,"21,93","13,61","-10,97","54,28"
511,285756403,"10,04","5,19","10,13","58,58",,541,285785203,"2,03","13,88","7,00","55,43"
512,285757363,"19,47","4,90","10,66","58,58",,542,285786163,"55,23","15,21","-28,23","54,22"
513,285758323,"20,91","4,65","9,75","57,53",,543,285787123,"2,97","15,33","-11,19","55,46"
514,285759283,"29,62","4,96","0,13","57,54",,544,285788083,"19,28","14,41","-10,47","53,28"
515,285760243,"8,82","5,35","11,32","58,65",,545,285789043,"16,88","13,71","-7,35","54,52"
516,285761203,"21,04","5,08","10,27","58,62",,546,285790003,"35,31","13,81","-22,66","54,58"
517,285762163,"19,61","4,79","10,66","58,50",,547,285790963,"3,64","13,97","-6,30","55,82"
518,285763123,"19,96","4,49","10,70","57,17",,548,285791923,"0,05","14,34","13,65","57,08"
519,285764083,"20,48","4,24","10,22","58,21",,549,285792883,"47,13","15,14","-13,48","56,14"
520,285765043,"19,32","4,02","10,90","58,16",,550,285793843,"15,12","14,50","-8,60","57,37"
521,285766003,"20,68","3,81","10,22","56,97",,551,285794803,"0,07","14,84","11,33","58,59"
522,285766963,"20,10","3,58","10,12","57,98",,553,285796723,"68,03","15,66","-16,70","56,35"
523,285767923,"19,65","3,38","10,47","58,13",,554,285797683,"10,88","15,26","-7,58","55,34"
524,285768883,"20,19","3,18","10,28","58,09",,555,285798643,"2,39","15,40","10,03","56,54"
525,285769843,"21,03","3,04","9,25","57,90",,556,285799603,"51,04","16,38","-21,01","54,49"
526,285770803,"18,96","2,92","10,29","56,46",,557,285800563,"0,50","16,58","-1,51","55,71"
527,285771763,"19,96","2,74","10,33","57,52",,558,285801523,"7,14","16,34","11,35","56,94"
528,285772723,"20,29","2,58","10,05","57,38",,559,285802483,"14,20","15,68","17,15","58,09"
529,285773683,"19,09","2,48","10,96","57,36",,560,285803443,"58,44","17,11","-21,30","54,63"
530,285774643,"21,31","2,41","9,65","57,43",,561,285804403,"0,08","17,28","-1,38","55,82"
531,285775603,"19,87","2,26","9,79","56,39",,562,285805363,"47,36","17,91","-28,74","54,73"
532,285776563,"19,37","2,16","10,41","57,55",,563,285806323,"2,57","17,88","-11,31","55,86"
533,285777523,"20,22","2,04","10,19","56,38",,564,285807283,"20,64","16,80","-11,96","57,05"
534,285778483,"29,92","2,53","0,27","56,34",,565,285808243,"0,22","16,99","7,82","58,26"
535,285779443,"11,29","2,92","8,98","56,37",,566,285809203,"56,59","18,22","-28,77","54,00"
536,285780403,"18,49","2,83","10,50","57,60",,567,285810163,"6,32","17,93","-15,09","55,18"
537,285781363,"19,56","2,68","10,94","57,56",,568,285811123,"6,07","17,68","-1,15","56,38"
538,285782323,"30,54","3,17","0,39","56,37",,569,285812083,"1,45","17,74","17,39","57,58"
539,285783283,"11,06","3,53","9,34","56,38",,570,285813043,"53,70","18,73","-16,31","55,69"
540,285784243,"19,05","3,37","10,28","57,50",,571,285814003,"0,00","18,81","3,69","56,84"
541,285785203,"19,68","3,18","10,60","57,43",,572,285814963,"31,33","18,35","-7,64","57,01"
542,285786163,"29,62","3,58","0,98","56,34",,573,285815923,"22,30","17,34","-9,94","55,81"
543,285787123,"10,11","3,98","10,88","57,58",,574,285816883,"21,02","16,32","-10,96","57,02"
544,285788083,"20,74","3,78","10,14","57,70",,575,285817843,"24,31","15,57","-15,27","57,19"
545,285789043,"20,07","3,54","10,07","56,63",,576,285818803,"35,37","15,56","-30,63","56,29"
546,285790003,"29,44","3,91","0,63","56,70",,577,285819763,"0,01","15,84","-10,64","57,50"
547,285790963,"10,53","4,26","10,10","57,94",,578,285820723,"21,19","14,92","-11,83","57,46"
548,285791923,"20,81","4,04","9,29","58,11",,579,285821683,"6,78","14,81","1,39","58,64"
549,285792883,"20,55","3,83","8,74","57,17",,580,285822643,"42,41","15,29","-21,03","58,65"
550,285793843,"18,99","3,65","9,75","57,20",,581,285823603,"0,00","15,58","-1,03","59,83"
551,285794803,"18,65","3,51","11,10","58,42",,582,285824563,"5,42","15,52","13,55","60,95"
552,285795763,"21,49","3,38","9,61","58,57",,583,285825523,"47,76","16,29","-14,21","57,33"
553,285796723,"20,20","3,18","9,41","57,54",,584,285826483,"13,14","15,70","-7,35","58,50"
554,285797683,"18,86","3,05","10,55","57,64",,585,285827443,"21,20","14,79","-8,55","58,60"
555,285798643,"19,79","2,88","10,76","58,85",,586,285828403,"38,09","15,00","-26,63","57,36"
556,285799603,"20,49","2,73","10,27","59,01",,587,285829363,"0,00","15,31","-6,63","58,52"
557,285800563,"19,53","2,59","10,75","58,02",,588,285830323,"0,00","15,60","13,37","59,65"
558,285801523,"20,59","2,46","10,16","58,14",,589,285831283,"20,07","14,63","13,29","59,58"
559,285802483,"21,92","2,43","8,24","58,07",,591,285833203,"48,49","14,25","4,80","57,18"
560,285803443,"17,98","2,40","10,26","59,26",,592,285834163,"55,41","15,57","-30,61","57,11"
561,285804403,"20,66","2,29","9,60","58,12",,593,285835123,"0,47","15,82","-11,08","58,27"
562,285805363,"18,86","2,22","10,74","59,29",,594,285836083,"0,00","16,08","8,92","59,42"
563,285806323,"20,23","2,10","10,51","59,31",,595,285837043,"18,93","15,14","9,99","59,28"
564,285807283,"20,14","1,97","10,37","59,35",,596,285838003,"53,75","16,30","-23,77","56,74"
565,285808243,"21,39","1,94","8,99","58,31",,597,285838963,"0,00","16,53","-3,77","57,82"
566,285809203,"19,16","1,87","9,83","58,34",,598,285839923,"1,43","16,66","14,81","58,99"
567,285810163,"19,88","1,76","9,95","58,46",,599,285840883,"45,02","17,18","-10,22","57,70"
568,285811123,"19,71","1,67","10,24","58,69",,600,285841843,"30,15","16,74","-20,36","55,10"
569,285812083,"20,89","1,62","9,35","58,85",,601,285842803,"0,00","16,95","-0,36","56,26"
570,285813043,"18,68","1,60","10,67","59,01",,602,285843763,"25,22","16,22","-5,58","57,41"
571,285814003,"19,89","1,51","10,78","60,16",,603,285844723,"34,32","16,10","-19,91","57,42"
572,285814963,"20,50","1,44","10,28","60,32",,604,285845683,"11,58","15,62","-11,49","56,19"
573,285815923,"19,95","1,36","10,33","59,26",,605,285846643,"21,10","14,71","-12,59","57,34"
574,285816883,"20,36","1,30","9,97","59,33",,606,285847603,"34,19","14,68","-26,78","56,02"
575,285817843,"21,20","1,29","8,77","59,50",,607,285848563,"1,04","14,94","-7,82","57,15"
576,285818803,"17,96","1,34","10,81","60,70",,608,285849523,"25,29","14,34","-13,11","55,91"
577,285819763,"20,99","1,31","9,83","59,81",,609,285850483,"17,86","13,58","-10,96","57,02"
578,285820723,"21,00","1,29","8,83","59,94",,610,285851443,"28,63","13,27","-19,60","58,10"
579,285821683,"19,06","1,27","9,77","59,91",,611,285852403,"10,19","13,05","-9,79","56,90"
580,285822643,"20,09","1,20","9,68","61,10",,612,285853363,"20,75","12,28","-10,53","58,09"
581,285823603,"20,29","1,14","9,39","59,95",,613,285854323,"21,52","11,61","-12,06","56,97"
582,285824563,"19,49","1,10","9,90","59,91",,614,285855283,"7,27","11,68","0,67","58,09"
583,285825523,"19,98","1,03","9,92","59,80",,615,285856243,"6,94","11,77","13,73","59,25"
584,285826483,"20,46","1,00","9,46","60,98",,617,285858163,"66,99","12,72","-13,26","56,86"
585,285827443,"18,73","1,02","10,73","61,04",,618,285859123,"11,11","12,48","-4,37","54,47"
586,285828403,"20,11","0,96","10,62","61,02",,619,285860083,"0,00","12,95","15,63","55,69"
587,285829363,"20,01","0,90","10,61","59,79",,620,285861043,"54,49","14,30","-18,86","54,61"
588,285830323,"19,79","0,86","10,82","60,92",,621,285862003,"0,00","14,65","1,14","55,78"
589,285831283,"20,60","0,84","10,22","60,86",,,,,,,
590,285832243,"19,65","0,81","10,57","60,78",,,,,,,
591,285833203,"19,88","0,77","10,69","60,73",,,,,,,
592,285834163,"20,65","0,76","10,03","60,67",,,,,,,
593,285835123,"19,95","0,72","10,09","59,42",,,,,,,
594,285836083,"20,07","0,68","10,02","59,36",,,,,,,
595,285837043,"19,98","0,63","10,05","59,22",,,,,,,
596,285838003,"20,42","0,62","9,63","60,33",,,,,,,
597,285838963,"18,81","0,66","10,81","60,21",,,,,,,
598,285839923,"20,38","0,64","10,43","60,14",,,,,,,
599,285840883,"22,36","0,75","8,07","58,81",,,,,,,
600,285841843,"17,68","0,85","10,39","59,94",,,,,,,
601,285842803,"20,62","0,83","9,76","58,65",,,,,,,
602,285843763,"19,35","0,82","10,41","59,80",,,,,,,
603,285844723,"19,85","0,78","10,56","59,74",,,,,,,
604,285845683,"20,44","0,76","10,12","58,52",,,,,,,
605,285846643,"20,92","0,77","9,21","58,46",,,,,,,
606,285847603,"19,17","0,77","10,04","58,36",,,,,,,
607,285848563,"20,78","0,77","9,26","58,27",,,,,,,
608,285849523,"19,93","0,73","9,33","58,18",,,,,,,
609,285850483,"19,97","0,68","9,36","59,28",,,,,,,
610,285851443,"18,49","0,73","10,87","59,22",,,,,,,
611,285852403,"21,13","0,76","9,74","59,21",,,,,,,
612,285853363,"19,62","0,74","10,12","58,04",,,,,,,
613,285854323,"19,76","0,70","10,36","58,09",,,,,,,
614,285855283,"19,81","0,67","10,55","59,21",,,,,,,
615,285856243,"21,27","0,71","9,28","59,18",,,,,,,
616,285857203,"18,67","0,75","10,61","59,12",,,,,,,
617,285858163,"30,60","1,36","0,00","57,95",,,,,,,
618,285859123,"20,30","1,30","-0,30","57,94",,,,,,,
619,285860083,"0,01","2,47","19,69","59,16",,,,,,,
620,285861043,"40,29","3,58","-0,60","58,03",,,,,,,
621,285862003,"9,97","3,98","9,43","58,05",,,,,,,
